,Plot,Genre
0,"It deals with a small-town boy, who comes to Calcutta to be a film actor, and gets involved in a modern-day thugee cult.[2]
Cast",drama
1,"Study of absurdity in a suburban family: father rebuilds the Old Bailey in the living room, and the son teaches weighing machines to sing in the bathroom.[3]",comedy
2,"The central figure of the film is represented by a mysterious figure called ""Gaja Gamini"" (Madhuri Dixit), who inspires, arouses, and confuses the common man. ""Gaja Gamini"" is the inspiration behind Leonardo da Vinci's (Naseeruddin Shah) 'Mona Lisa', Kalidas' poem ""Shakuntala"", and a photojournalist named Shahrukh's (Shah Rukh Khan) photographs. The mysterious ""Gaja Gamini"" appears as four characters, one of them being Sangeeta, a blind girl from Banaras at the beginning of time, who inspires village women (Farida Jalal, Shilpa Shirodkar, and Shabana Aazmi) to revolt against a male-dominated system and carve a niche for women forever. Another character is Shakuntala, who is the subject of Kalidas' poem of the same name. Shakuntala incites jealousy in the women and love in the men around her, charming humans and animals alike in the forests of Kerala. ""Gaja Gamini"" is also Mona Lisa during the Renaissance, the object of painter Leonardo da Vinci's obsession. Finally, Monika, the most confusing sector of the film, is supposed to represent the woman of the New Millennium. Kamdev, the God of Love (Inder Kumar), walks the earth throughout history, attempting to win the love of ""Gaja Gamini"".
Thrown into this mix is a large black wall, separating two different periods, and confrontations between Science (Ashish Vidyarthi) and Art (Mohan Agashe) at different points in history, showing that the world itself can change, but its original ideas will always be the same. For example, a play by Shakespeare written and performed by actors in the 15th century will still be performed in the 21st century, but with different actors. The confrontations between art and science also bring about the idea that while science is firmly set on believing that which can only be proved, the basis for art is that which can be proved, and an intuitive sense that can be felt. Science uses the brain, while Art uses the brain and the heart. Another facet of the film is a ""gathri"", a small bundle which a woman carries upon her head, like a burden, with which she must walk forever.[6][7]",drama
3,"The plot is predicated on the Vatican being controlled by the Mafia boss Vittorio Corelli (Herbert Lom). The movie opens with the death of the previous Pope followed by a deadlocked conclave that lasts for 25 days. The conclave is ended by the Mafia's tame Cardinal Rocco (Alex Rocco), who successfully persuades the College of Cardinals to elect in absentia the Mafia's favoured candidate to the papacy, Albini (Janez Vajevec), a priest in the service of the Mafia, whom Rocco passes off as an absent ""Cardinal Albini"".
Unfortunately for the Mafia, the secretary of the College of Cardinals Fr. Rookie (Adrian Edmondson) is hard of hearing, and while recording the official results of the election, he misheard the pope-elect's name and instead of writing ""Cardinal Albini"" he writes down ""Cardinal Albinizi"" and ""Albinizi"" happens to be the surname of an honest parish priest, C. David ""Dave"" Albinizi, (Robbie Coltrane). As a result, Fr. Albinizi becomes Pope and takes the name of Pope David I. Father Albinizi is an unorthodox priest, interested in cars, women and Rock and Roll. However, his interests in those are rather benign and not overly carnal. Prior to his ascent to the papacy, Albinzi had been a priest in an Italian orphanage, where he took a genuine interest in the children's welfare and wished them to grow up enjoying the gospel, as opposed to the curmedgeonly nuns who believe misery is deserved. Inside the Vatican, the Pope gets along with Bish (Peter Richardson), a priest in charge of coordinating the pope's security and an unnamed nun (Mirta Zecevic) assigned to bring him his meals. The pope initially considers abdicating due to a failed assassination attempt against him but is convinced by the nun to stay. As the plot develops, one of the journalists at the press conference asks the Pope to explain the corruption inside the Vatican bank. The Pope demands to see the Vatican accounts. Bish had previously received a disk upon the previous pope's death containing information about the financial irregularities and when Pope David looks into the Vatican accounts, Bish gives the disk to the pope. With Bish's help, the Pope discovers the gun-smuggling and stolen merchandise operations, and confronts Cardinal Rocco. Albinizi immediately has Rocco defrocked as punishment and to help put an end to the corruption. In revenge, Rocco persuades his mafia backers to intensify the assassination efforts against Pope David.
Together with the papal chamberlain Monsignor Fitchie (Paul Bartel), Cardinal Rocco decides to find any affair to blackmail the Pope. They find out that before joining the priesthood, Albinizi fathered a son with Veronica Dante (Beverly D'Angelo), an American tourist. Albinizi had joined the priesthood because Veronica did not want to marry him or stay with him. Consequently, Veronica had given birth to their son, but never informed Albinizi of this. Their son is now a rock star, Joe Don Dante (Balthazar Getty), dating Corelli's daughter Luccia (Khedija Sassi). Corelli doesn't approve this relationship and sends thugs to kill Joe. However, the bomb which destroys Joe's trailer kills Luccia and seriously wounds Joe who is then revealed the truth about his father. Albinizi, now Pope David I, learns about his son from Veronica and subsequently visits him before Joe dies.
Pope David learns the Vatican Bank is a tool of the Mafia, and has it dissolved. Soon after that the Pope's affair is revealed and he is forced to resign and Corelli's candidate Albini is elected Pope. Corelli and Fr. Albini move into the papal apartments. Out in the streets, Albinizi gets back with Veronica. He also finds out that the orphanage where he previously worked before becoming pope had closed. Albinizi reads the news about Albini becoming pope and rushes back to the Vatican to ask Bish to help him stop the coronation. On the way to the papal apartments the two encounter a dying Cardinal Rocco who had just been shot by Corelli. While Bish continues to the papal apartments, Rocco confesses to Albinizi who grants him absolution in his dying moments interrupted by a phone call to Rocco from his female partner. Rocco subsequently dies and Albinizi having completed the absolution rite goes to the papal chamber and finds Bish bound. Bish however tells Albinizi that the coronation was about to take place and tells him to get there fast instead of freeing him. Albinizi rushes off to the Sistine Chapel. Mons. Fitchie who had previously overheard Corelli shoot Cardinal Rocco eventually comes and frees Bish. Albinizi manages to get into the Sistine Chapel just before the end of the ceremony and reveals to the public that the man in the chapel called Albini is really Corelli in disguise. Corelli admits that there was no Cardinal Albini, declares himself as ""Pope Vittorio I, Emperor of the Vatican"" and draws the gun to hold Albinizi at gunpoint. He fires a few shots which hit the ceiling, causing it to collapse and bury Corelli. After Corelli is defeated, a nun (the one who served Albinizi when he was pope) is chosen to become the first female Pope in history. The new Pope (or Popess) announces that she will give the Vatican's gold to the world's poor. She also gives her blessing for Albinizi to take a bride. Albinizi and Veronica marry (with Bish as the priest), adopt the children from the orphanage and have children of their own as well.",comedy
4,"Stuart Smalley (Al Franken), the disciple of the 12-step program, is challenged by life's injustices. He loses his public-access cable television show, must beg his manipulative overbearing boss for his job back, rehabilitate his alcoholic father and drug abuser brother (Vincent D'Onofrio), and support his overweight mother (Shirley Knight) and sister (Lesley Boone) in their lack of ability in handling their relationships with their husbands. Stuart is supported by his 12-step sponsors as he regresses to his negative behaviors each time he faces these challenges.",comedy
5,"Ann Carter, an inexperienced young woman, accepts an invitation to dinner from Frank Devereaux, the son of her employer. The date turns out to be far from what she expects. It is aboard a ""rum boat"", a ship that sails beyond the 12 mile limit to get around the restrictions of Prohibition. Worse, Frank turns out to be a cad. When she tries to leave, he locks the door and tries to force himself on her, tearing her dress. Fortunately, the ship drifts back into U.S. waters and a police raid stops him from going any further. When a photographer takes a picture of the two under arrest, Frank buys it from him.
Eighteen months later, Ann is happily married to wealthy Lawrence Reagan. They are about to celebrate their first wedding anniversary when Frank resurfaces in Ann's life, this time as the boyfriend of her naive young sister-in-law, Helen. Though both Ann and her husband tell Helen that Frank is no good, as Lawrence knows that Frank is having an affair with the wife of one of his friends, it is clear to Ann that Helen does not believe them.
Ann goes to Frank's apartment to stop him from taking advantage of Helen. She hides when Lawrence shows up unexpectedly. He warns Frank to leave town before Lawrence's friend catches up with him and shoots him. Frank had already planned to go, but when Lawrence declares that he intends to administer a beating first, Frank draws a gun. He is shot in the ensuing struggle. Lawrence leaves without being seen, unaware that his wife has heard the whole thing.
To protect her husband, Ann phones the switchboard operator and reenacts her earlier assault, ending with her firing two shots. When the police arrive, the district attorney soon pokes holes in her story. Also, the photograph is found, providing a motive for murder. However, Frank is not yet dead; in his last few minutes of life, he explains what really happened, exonerating both Ann and Lawrence.",drama
6,"Disgusted that his fiancee, Diane (Jetta Goudal) has been cheating on him, Karl (William Boyd) says he'd rather marry a ""street walker"" than her. To get back at him, Diane arranges for Nanoni (""Little One"") (Lupe Vélez), a singer at a sleazy bar, to pretend to be a Spanish girl, from a convent, to fool him.[2]",comedy
7,"A number of people are held captive by Major Ling Wu and his men, who refuse to let anyone go until identifying a spy in their midst. When he sends his assassin Sun Lee after one of the hostages, Dan Maynard, a doctor, and Knuckles Greer, a sailor, manage to intervene.
Dan is confounded by the beautiful Rita King's seeming ability to come and go as she pleases. It becomes obvious that the police chief Colonel Zorek considers himself her protector.
Ling is so determined to frighten the captives into exposing the spy that he kills his own man, Su, just to prove how far he is prepared to go. Ling tries to rape a young newlywed, Leah De Verno, and cuts the rations so that the captives have barely enough food to stay alive. Some are killed or mysteriously led away.
Zorek propositions Rita if she will cooperate. Dan still doesn't know that she is being held against her will, just like everyone else. A young girl named Penny, daughter of another interned couple, requires emergency medical help and Dan appeals to his captors to permit him to operate on the child. The only way permission is granted is for Rita to grant Zorek her favors.
A captive named Paul Grant is discovered to have a hidden radio. He has received a coded message that a rescue submarine will be waiting nearby. Dan helps him attempt an escape, but before he leaves, Grant shares with Dan the coded information, just in case.
Grant is reported dead. Dan places the blame on Rita, presuming she tipped off Zorek how to capture and kill the spy. Zorek, summoned and assuming he will be rewarded, is instead punished for permitting the escape. Dan finally becomes aware that Rita played no role in assisting their captors, and after he escapes and contacts the submarine, he goes back to rescue the others and her.",drama
8,"Tommy Taylor and ""The Professor"", two sailors returning from leave to Portsmouth, pick up Lydia, a Wren, on the road but get a puncture as they reach Stonehenge. The professor tells them of an old legend that those caught at Stonehenge at midnight on midsummer's night are transported back in time. Moments later the area is struck by lightning. Nearby a group of Roman soldiers have suddenly appeared whom they initially mistake for members of ENSA. However, they swiftly prove to be genuine Romans who arrest them and threaten instant death unless they can prove they are Druids.
Among the musical numbers in the picture, Tommy Trinder gives a stupendous performance as ""Senorita Alvarez"" from Brazil (impersonating Carmen Miranda).",comedy
9,"In 1943, Royal Navy Lieutenant Commander, Ewen Montagu (Clifton Webb), comes up with a scheme to deceive the Nazis about the impending invasion of Southern Europe. It entails releasing a dead body just off the coast of Spain, where strong currents will almost certainly cause it to drift ashore in an area where a skilled German secret agent operates. The corpse will appear as a plane crash victim, the non-existent Royal Marine, Major William Martin, who is carrying false letters about a forthcoming Allied invasion of Greece, rather than the obvious target of Sicily. Time is short, but the impatient Montagu is finally given approval to carry out the mission: Operation Mincemeat.
On the advice of a medical expert, Montagu procures the body of a man who died of pneumonia (so that he will seem to have drowned) from the grieving father. Then, after proper preparations, he and his assistant, Lt. Acres (Robert Flemyng), take the corpse (concealed in a canister packed with dry ice) to a waiting submarine. The submarine travels to the Mediterranean, along the way evading a depth-charge attack, before surfacing at night to release the body. As hoped, the body washes ashore on a Spanish beach and is processed by local authorities, observed by German and British consulate staff. After the attache case containing the letters is returned to London, as part of the personal possessions of the deceased Major Martin, Montagu is disappointed the documents do not appear to have been tampered with. However, a laboratory expert confirms that the key letter, describing the (false) Allied attack in Greece, was cleverly opened and resealed.
Hitler is convinced the document is genuine, even though a German intelligence officer is sceptical. He orders an IRA Nazi spy, Patrick O'Reilly (Stephen Boyd) dispatched to London to investigate. What O'Reilly uncovers is inconclusive, in his mind, until he checks out Martin's ""fiancée"", Lucy Sherwood (Gloria Grahame). She is the roommate of Montagu's assistant, Pam (Josephine Griffin). O'Reilly shows up at their flat, posing as Martin's old friend, on the same day Lucy received news that her real boyfriend has been killed in action. Her genuine grief mostly convinces O'Reilly. As a final test, however, he leaves the address of his lodgings in north London, telling Lucy to contact him if she needs anything. He then informs his German superiors by radio to expect a message from him in an hour, unless British counterintelligence comes for him. Montagu almost makes this very mistake, but realises in time why O'Reilly left his address and, with some difficulty, convinces his superiors not to order O'Reilly to be arrested. O'Reilly then sends a ""Martin genuine!"" radio message, and the Nazis transfer most of their Sicily-based forces to Greece, making the Allied deceit successful.
After the war, Montagu leaves a medal he was awarded at the grave of ""the man who never was"".",drama
10,"The movie opens with Lee separating from his mother in Antigua. His mother has to leave him at home due to her job. In subsequent days, as a lone teenager, Malvo comes in contact with John. Muhammad is living with his three children - one daughter and two sons. After spending some time together, Muhammad and Malvo move to Tacoma, Washington. Muhammad, along with Malvo, starts living there with his girlfriend, Angela (Cassandra Freeman). Muhammad starts introducing Malvo as his son. Muhammad subsequently meets his old time friend, Ray (Tim Blake Nelson), while going for a jog with Malvo. Ray introduces Malvo to guns. Malvo turns out to be a natural marksman. One day, Muhammad tries to contact his children in Maryland but is unsuccessful due to a restraining order. Frustrated by this, Muhammad comes home and has a spat with Angela over some petty issue. Angela subsequently throws both the men out of her house. Muhammad and Malvo move in with Ray and his family. Ray lives with his wife (Joey Lauren Adams) and toddler son. Malvo discovers a cache of arms in Ray's basement. Gradually, Muhammad brainwashes an impressionable Malvo into committing murders. Malvo commits his first murder by shooting a neighbor (Maya Woods) point-blank in the head. Muhammad encourages Malvo to commit more murders in order to pay back the favor of bringing Malvo to the U.S. Malvo commits his next murder by shooting a pub owner (Bruce Kirkpatrick) in the back and then robbing him. With the robbery money, Muhammad and Malvo buy a Caprice Classic. Muhammad subsequently teaches Malvo to drive. Muhammad also modifies the car trunk so as to make a rectangular slit in the rear which is later used to shoot a sniper rifle from. John Muhammad and Lee Malvo subsequently conduct a siege of terror on the Washington, D.C. metropolitan area. They conduct a series of random shootings in public places. They use a rifle fired from the trunk of a blue Chevrolet Caprice. One night, while parked in a no-parking spot, the local police department catches up with them and subsequently the FBI is shown as taking over the investigation. After five months, Malvo is held in Graymore State Prison, Virginia. He is visited by a female lawyer (Linda Powell) who tries to question him about the motives of all the random killings. Malvo remains stubborn and asks, ""Where is my father?"" The movie closes with Aspen Hill City Police escorting Malvo back to the prison cell.",drama
11,"Srirangam Brothers - Srinivasachari (K Viswanath) and Ranga (Srikanth) - are versatile Carnatic musicians. Srinivasachari is happily married but has no children. Ranga is a widower with two children. Srirangam Brothers are the biggest music directors in the Telugu film industry (Tollywood) and compose music for only traditional and classical genres. Srirangam Brothers always try to help aspiring singers in their music compositions. Surekha (Laya), a TV anchor, falls in love with Ranga and they get married.
After marriage, Surekha, who initially respects her brother-in-law, starts to develop ill feelings towards him and becomes envious that even though her husband Ranga is the main factor for the music duo's success and has equal contribution in Srirangam Brothers music scores, Srinivasachari is the one who gets all the credit.
When Srinivasachari is awarded the Padmasri by the Government of India, Surekha rejects her sister's gifted saree and shows no inclination to come along with her family to attend Srinivasachari's felicitation by the President. Also, Surekha starts to show her hostile and disrespectful behavior towards Srinivasachari.
This situation provokes Srinivasachari who starts behaving unpredictably and lashes out at a film producer about his brother's music compositions (during his music sitting) and also at the media. When Ranga in his office becomes aware of this situation through the film producer, he returns home only to get dispirited to see Ranga's sister-in-law getting slapped by her husband, which leads to a heated argument between the two brothers and the family gets separated.
Surekha slowly understands Srinivasachari's and Ranga's music calibre and realizes that the two brothers can only excel in their music when they stay united. This transformation in Surekha eventually leads to the unity of the family just like Srirangam Brothers' different blends excel when they compose their music together.",drama
12,"Los Angeles psychologist Chapman (Andrew Duggan) and his assistant Paul Radford (Efrem Zimbalist Jr) are looking for volunteers for their sex survey, and four women volunteer: Sarah Garnell (Shelley Winters), a middle-aged woman who is having an affair with young theater director Fred Linden (Ray Danton); Teresa Harnish (Glynis Johns), a happily married woman who becomes attracted to brawny football player Ed Kraski (Ty Hardin); Naomi Shields (Claire Bloom), an alcoholic nymphomaniac who takes up with an unsavory jazz musician; and Kathleen Barclay (Jane Fonda), a young widow who thinks she is frigid.[4]",drama
13,"An orphan boy in 1830s London is abused in a workhouse, then falls into the clutches of a gang of thieves.",drama
14,"Near the end of World War II in Europe, American soldier Sergeant David Brent (James Best) loses two men and is himself wounded while hunting down and killing a sniper in a German city. He falls unconscious in front of a young German woman, Helga Schiller (Susan Cummings). When he awakes, he finds that she has tended his wound rather than killing him. She also protects him from her bitter younger brother, Franz (Harold Daye). When the SS set up an artillery observation post in Helga's building, she hides David to prove she is not a Nazi. Later, the Americans capture the city, and David is sent to a hospital.
After Germany surrenders, David returns to the city and marries Helga, despite being warned by his commanding officer. Because American soldiers are verboten (forbidden) to fraternize with German women, he resigns from the Army and goes to work in the Food Office of the Military Government.
One day, Helga spots a friend, returning German soldier Bruno Eckhart (Tom Pittman). She breaks the news to him that his parents were killed by Allied bombs and his girlfriend committed suicide because she mistakenly believed the Russians were coming. Bruno congratulates her on landing someone she herself calls her ""American goldmine"". She persuades David to vouch for him, which enables Bruno to get one of the scarce good jobs, as a policeman. What neither Helga nor David know is that Bruno is a member of Werwolf, a Nazi organization bent on regaining control of Germany, beginning with sabotage and sneak attacks. Bruno uses his position to infiltrate other Werwolf members into the government and becomes their leader. Franz also joins the organization.
When a food shipment is hijacked by Werwolf, the German civilians blame the Americans and demonstrate in front of the building where David works. David is fired after he foolishly attacks their spokesman and is pummeled by the mob. Bruno turns David against Helga, even though she is pregnant, by telling the American that she married him only for the food and shelter he could provide. When David confronts Helga, she admits that it was true to begin with, but that she eventually fell in love with him; he does not believe her and storms out.
Meanwhile, Franz's conscience begins troubling him after he witnesses an incident at Bruno's secret Werwolf headquarters in a railroad boxcar. After a Werwolf bitterly protests against the theft of medicine intended for the German people, Bruno stabs him to death. When Franz has a nightmare about the murder, Helga discovers that he is part of Werwolf. Determined to show him the error of his ways, she takes him to the first session of the Nuremberg Trials. Horrified by what he learns, he reveals what he knows, enabling the Americans to smash the Werwolf operation in the area. Upon learning what Helga did, David reconciles with her. Franz goes to the boxcar to retrieve an invaluable list of Werwolf members, but is caught in the act by Bruno. In the ensuing struggle, Franz manages to knock Bruno out, but is trapped inside when the boxcar catches fire. David rushes in and rescues his brother-in-law.",drama
15,"Dr. Helen Hunt is a physician married to millionaire Peter Judson Kirk Jr., who is jealous his wife is spending too much time with her male patients. He makes a fool of himself trying to prove her guilt, which causes his wife to leave. But then he puts up the money for a new hospital and she comes back to him.[3]",comedy
16,"A cafe worker is violently jolted from her day-to-day existence when offered the startling revelation that this world may be on the brink of destruction, revolution, or both.[1]",drama
17,"Shivasagar (Upendra), a wheelchair user, has a son, Vijay (also Upendra) who is playful and irresponsible. To teach him a lesson, he sends Vijay to Bhamapura to help the poor. Vijay doesn't want to go, but a local pizza restaurateur convinces Vijay and his friends that the village is one big brothel. In reality, Bhamapura is a sacred village and the restaurateur had purposefully deceived Vijay and his friends. Divya (Soundarya Jayamala) and her classmates also visit the village. They come for their social activity course to improve the village's health and hygiene. A large building is reserved for him and the girls are asked to stay in the poor families' houses. Vijay and his friends arrive and start to woo the girls, whom they mistake for Bhamapura's prostitutes. When Divya discovers their plan, she and her friends decide to teach Vijay and his friends a lesson.
Vijay and his friends are wooed by Divya and the other girls. They are led to separate rooms where the girls inject a serum that makes them itch all over. They leave, screaming and scratching. Vijay tells Divya to leave her profession and offers to save her honour by marrying her in the village temple the next day. Divya doesn't come, but Vijay and his friends happen to see her leaving on a bus bearing the name of the girls' college, revealing that they have been duped. When Vijay returns home, Shivsagar discovers that his son has fallen in love. With his influence, Vijay and Divya get engaged. Later, Vijay goes to Divya's house in a drunken state. Her family prevent him from talking to her. This eventually leads to a fight. Vijay then goes to Divya's cousin's house to meet Divya and apologise for his behaviour but suddenly attempts to rape Divya's cousin. Then on the same day at night, Vijay tries to kill Shivasagar, but is luckily stopped by Ko Thanda (Ramesh Bhat) and is stabbed by Vijay. Disappointed with Vijay's behaviour, Shivasagar sends Vijay to a therapist.
Here enters Ajay (Upendra's third role), Vijay's twin. Assuming Vijay's identity, he had taken money from the bank, got drunk and went to Divya's place and attempted to rape Divya's cousin. Ajay hates Shivasagar for leaving him and his mentally-challenged mother (Catherine Tresa). Later, Divya manages to sneak into Vijay's room in the hospital and believes his explanation that he is innocent. She leaves and shortly afterwards, Ajay appears, smuggles and dumps Vijay out of the hospital, takes over his identity and goes to kill Shivasagar. The father notices that it's not his son and gets out of his wheelchair to defend himself. Vijay arrives at the scene, surprised that his father is able to walk and demands an explanation.
Shivasagar tells him that he was a dancer who behaved effeminately due to dancing. His mother had arranged for Shivasagar to marry her friend's daughter (Ajay's mother). He agreed but the girl rejected Shivasagar for being too feminine and insults him in front of the wedding crowd. Unable to bear the embarrassment, Shivasagar's mother died on the spot. Shivasagar, enraged, raped the girl, a deed that resulted in her becoming pregnant. The doctor refused to give her an abortion and so Vijay was born. Shivasagar takes his child from her mother saying the child would be the only hope of his life. Shivasagar says he is ignorant of Ajay's existence and the reason for his resemblance to them.
Ajay escapes and threatens Vijay and Divya's wedding. Shivasagar attempts to stop him when Ajay's grandmother arrives and explains that Ajay is also Shivasagar's son and Vijay's twin and that Ajay's mother went mad when Ajay was about to get hit by a lorry. Ajay realises his mistake. He wants Shivasagar to shoot him, but the police misunderstand and think that Ajay is pointing a gun at Shivasagar and they fire at Ajay. Shivasagar intervenes and is shot instead. Ajay accepts Shivasagar's apology and is then arrested. Ajay's mother does not accept food from anyone, until Vijay comes dressed up as Ajay and feeds her. The film ends with Vijay stating that Shivasagar is the godfather of the family.",drama
18,"The woman (Basabdatta Chatterjee) works in a handbag factory while the man (Ritwick Chakraborty) works the night shift at a printing press. The film follows that young married couple as they go about their day, how they stay apart all day long except one brief moment when they get to be with each other. The entire movie has no dialogues. It has background music and some classic old songs thrown in for a soothing effect.",drama
19,"In 932 AD, King Arthur and his squire, Patsy, travel throughout Britain searching for men to join the Knights of the Round Table. In Arthur's travels, he recruits Sir Bedevere the Wise, Sir Lancelot the Brave, Sir Galahad the Pure, and Sir Robin the Not-Quite-So-Brave-as-Sir-Lancelot, along with their squires and Robin's troubadours. Arthur leads the men to Camelot, but decides it is ""a silly place"" and sets off elsewhere. As they turn away, God speaks to them and gives Arthur the task to find the Holy Grail.
Arthur and his men search the land for clues to the Grail. They come to a castle occupied by French soldiers who claim to have the Grail but otherwise insult the Englishmen. Arthur and his men come up with a plan to sneak in using a Trojan Rabbit, but they completely mishandle its execution and are forced away. Arthur decides that the knights should go their separate ways to search for clues to the Grail's location. A modern-day historian being filmed for a documentary and describing the Arthurian legends is abruptly killed by a knight on horseback, triggering a police investigation.
On the knights travels, Arthur and Bedevere attempt to satisfy the strange requests of the dreaded Knights Who Say Ni. Sir Robin avoids a fight with the Three-headed Giant by running away while the heads are arguing. Sir Galahad is led by a grail-shaped beacon to Castle Anthrax, populated by women, but to Galahad's chagrin, he is ""rescued"" by Lancelot. Sir Lancelot, after finding a note from Swamp Castle believed to be from a lady being forced to marry against her will, rushes the castle and kills nearly the entire wedding party within, only to discover that the note was sent by an effeminate prince.
Arthur and his knights regroup and are joined by other brother Maynard and monk followers. They meet Tim the Enchanter, who directs them to a cave where the location of the Grail is said to be written, but guarded by the deadly Rabbit of Caerbannog. After the Rabbit kills several of the knights, Arthur uses the Holy Hand Grenade of Antioch provided by Maynard to destroy the creature. Inside, they find the inscription from Joseph of Arimathea, directing them to the Castle of Aarrgh. After evading a giant monster, they arrive at the Bridge of Death and must answer three questions from the bridge-keeper to pass. Lancelot answers first and correctly, and passes on. Sirs Robin and Galahad fail to answer correctly and are thrown over the bridge, while Arthur tricks the bridge-keeper, allowing him and Bedevere to pass.
When Arthur and Bedevere finish crossing, they cannot find Lancelot, unaware he was arrested by modern-day policemen investigating the historian's death. Arthur and Bedevere find the Castle of Aarrgh, but discover it is occupied by the French. They amass a large army of knights to assault the castle, when suddenly a large police force shows up, arrests Arthur and Bedevere for the historian's death, and shuts down the film's production.",comedy
20,"In 1903, American seaman Henry Adams (Gregory Peck) is stranded penniless in Britain and gets caught up in an unusual wager between two wealthy, eccentric brothers, Oliver (Ronald Squire) and Roderick Montpelier (Wilfrid Hyde-White). They persuade the Bank of England to issue a one million pound banknote, which they present to Adams in an envelope, only telling him that it contains some money. The reason for this is that Oliver believes that the mere existence of the note will enable the possessor to obtain whatever he needs, while Roderick insists that it would actually have to be spent for it to be of any use.
Once Adams gets over the shock of discovering how much the note is worth, he tries to return it to the brothers, but is told that they have left for a month. He then finds a letter in the envelope, explaining the wager and promising him a job if he can avoid spending the note for the month.
At first, everything goes as Oliver had predicted. Adams is mistaken for an eccentric millionaire and has no trouble getting food, clothes, and a hotel suite on credit, just by showing his note. The story of the note is reported in the newspapers. Adams is welcomed into exclusive social circles, meeting the American ambassador and English aristocracy. He becomes very friendly with Portia Lansdowne (Jane Griffiths), the niece of the Duchess of Cromarty. Then fellow American Lloyd Hastings (Hartley Power) asks him to back a business venture. Hastings tells Adams that he does not have to put up any money himself; the mere association will allow Hastings to raise the money that he needs to start up a gold mine by selling shares.
Trouble arises when the Duke of Frognal (A. E. Matthews), who had been unceremoniously evicted from the suite Adams now occupies, hides the note as a joke. When Adams is unable to produce the note, panic breaks out amongst the shareholders and Adams' creditors. All is straightened out in the end, and Adams is able to return the note to the Montpelier brothers at the end of the month.",comedy
21,"The film follows the lives of a group of gay friends in West Hollywood. Among the group is Dennis (Timothy Olyphant), a photographer who often holds the group together; Cole (Dean Cain) a handsome, charismatic actor who — often unwittingly — ends up with other people's boyfriends; Benji (Zach Braff), the youngest member of the group, with a penchant for gym-bodied men, who finds himself going through some bad times; Howie (Matt McGrath), a psychology student who is known for overthinking every situation; Patrick (Ben Weber), the cynic of the group; and Taylor (Billy Porter), who has just broken up with his long-term boyfriend.
Guiding them is restaurant owner Jack (John Mahoney) who provides them with advice and jobs for some of them who work part-time as servers at his restaurant. But when tragedy strikes, and the group's newest member, 23-year-old Kevin (Andrew Keegan), attempts to fit in, their friendships are put to the test.
The film also stars Nia Long, Mary McCormack and Justin Theroux, and features a cameo by Kerr Smith, who knew the director through their work on Dawson's Creek and enjoyed the script so much he asked to be a part of it, and Jennifer Coolidge as the hairdresser Betty, that all the guys, with the exception of Howie, go to for hair therapy.",comedy
22,"Jennifer Peters is a normal girl except for one unfortunate trait. All the women in her family stop any mechanical contrivance that they travel in. As the film progresses, Jennifer stops her boyfriend's automobile, then a train she travels in without being aware of what she does. Tension mounts when a girlfriend takes ill and Jennifer takes her job; an air hostess on a Liberator airliner!",comedy
23,"After he inherits some money, Harold Bissonette (mispronounced by his pompous wife as ""biss-on-ay"") decides to give up the grocery business, move to California and run an orange grove. Despite his family's objections and the news that the land he bought is worthless, Bissonette packs up and drives out to California with his nagging wife Amelia (Kathleen Howard), self-involved daughter Mildred (Jean Rouverol) and bothersome son Norman (Tommy Bupp). As they pass several prosperous orange groves, his wife softens and figures he made a good purchase. The information about the orange grove is confirmed: his barren plot contains only a tumbledown shack, and a tumbleweed. Disgusted, his wife and family are walking out on him. As he sits down on the car's running board, the car collapses under his weight.
However, just when Harold is about to lose all hope, his luck takes a dramatic turn: a neighbor informs him that a developer is desperate to acquire his land in order to build a grandstand for a race track. Finally standing up for himself, and to his nagging wife, Harold holds out for a large sum of money (including a commission for the friendly neighbor), as well as a demand that the developer buy him an orange grove like the one in the brochure he has been carrying throughout the film. The film ends with Harold sitting at an outdoor breakfast table squeezing orange juice into a glass, while his happy family takes off for a ride in their new car. The now-contented Harold pours a flask of booze into the small amount of orange juice in the glass.
The film is a chronicle of the "" many titanic struggles between Harold Bissonnette and the universe. There will be battle of wills between father and daughter, between male and female, between man and a variety of uncontrollable objects.""[3]
The plot is almost secondary to the series of routines which make up the film. Over the course of the picture, Harold fails to prevent a blind customer (and Baby LeRoy) from turning his store into a disaster area; attempts to share a bathroom mirror with his self-centered, high-pitched gargling daughter; has a destructive picnic on private property; and in the film's lengthy centerpiece, is driven to sleep on the porch by his haranguing wife, and is kept awake all night by neighbors (including further trouble with the mother of the baby who caused damage in his grocery store), salesmen, and assorted noises and calamities.
A well-known, and often somewhat misquoted Fields comment occurs at the climax of the film, as Harold is haggling with the developer, who angrily claims that Harold is drunk. Harold responds, ""Yeah, and you're crazy; and I'll be sober tomorrow and ... you'll be crazy for the rest of your life!""
The windfall for Fields' character and the resultant happy ending of this film echo the climax of his earlier 1934 release, Man on the Flying Trapeze.",comedy
24,"Carl Black and his family are getting out of Chicago. After having stolen a lot of money from a famed criminal drug king, Key Flo (Charlie Murphy), and believing that he will be imprisoned for the next five to six years, Carl Black (Mike Epps) leaves the hustling lifestyle behind for something better. Carl, his new wife Lorena (Zulay Henao), son Carl Jr. (Alex Henderson), daughter Allie Black (Bresha Webb) and cousin Cronut (Lil Duval) pack up and move to Beverly Hills. Turns out, Carl couldn't have picked a worse time to move. They arrive right around the time of the annual purge and all Carl's personal issues intertwine while all crime is legal for twelve hours.",comedy
25,"Investment banker Laurel Ayres (Whoopi Goldberg) is a smart and single woman trying to make it up the Wall Street corporate ladder, until one day she finds out that she is passed over for a promotion because she is a woman. Unable to face the fact that her less intelligent male protege, Frank Peterson (Tim Daly), has now become her boss, she quits and tries to start up her own company only to find out that the male dominated world of Wall Street is not interested in taking an African American woman seriously, and thus is forced to create a fictional white man, Robert S. Cutty (inspired by a bottle of Cutty Sark) in order to be judged on her own merits. Ayres' financial wisdom is joined by the intelligent and computer-savvy secretary Sally Dugan (Dianne Wiest), who also was not properly recognized for her talents. Together they are able to become the most successful independent stockbrokers in the world while helping a struggling high-tech computer company stay afloat.
However, the ruse eventually runs into problems, as Cutty is still getting credit for Ayres' great ideas, and competing firms and tabloid journalists are willing to do anything in order to bring the wealthy and elusive Cutty into the public and on their side. Thus Ayres is forced to get her best friend (who works at a nightclub as a female impersonator) to create an effective disguise in the mould of Marlon Brando to try to fool the naysayers; when that fails, she and Dugan decide to kill Cutty only to be charged with his murder. Frank uncovers the ruse and pretends that he is now the front man to world-famous Cutty.
The film ends with Ayres donning the Cutty disguise one last time to attend a meeting of the exclusive gentlemen's club to accept Cutty's awards and unmasking herself in order to teach the male-dominated industry the evils of racial and sexual discrimination. Ayres is finally given credit for her work and creates a huge business empire with her friends at the helm. Frank attempts to land a job with the business, only to be laughed off.",comedy
26,"CBS cameraman Harry Hinkle (Jack Lemmon) gets injured when football player Luther ""Boom Boom"" Jackson (Ron Rich) of the Cleveland Browns runs into him while he is running a hand-held sideline camera during a home game at Municipal Stadium. Harry's injuries are minor, but his conniving lawyer brother-in-law William H. ""Whiplash Willie"" Gingrich (Walter Matthau) convinces him to pretend that his leg and hand have been partially paralyzed, so they can receive a huge indemnity from the insurance company.[3] Harry reluctantly goes along with the scheme because he is still in love with his ex-wife, Sandy (Judi West), and being injured might bring her back.
The insurance company lawyers at O'Brien, Thompson and Kincaid (Harry Holcombe, Les Tremayne, and Lauren Gilbert) suspect that the paralysis is a fake. All but one of their medical experts say that it is real, convinced by the remnants of a compressed vertebra Hinkle suffered as a child, and Hinkle's responses, helped by the numbing shots of novocaine Gingrich has had a paroled dentist (Ned Glass) give him. The one holdout, German Professor Winterhalter (Sig Ruman), is convinced that Hinkle is a fake.
With no medical evidence to base their case on, O'Brien, Thompson and Kincaid hire Cleveland's best private detective, Chester Purkey (Cliff Osmond), to keep Hinkle under constant surveillance. However, Gingrich sees Purkey entering the apartment building across the street and lets Hinkle know they are being watched and recorded – and after Sandy returns, warns him not to indulge in any hanky-panky with her. Knowing now that he has a way to feed the insurance company lawyers misinformation, through the watching P.I.s, he incorporates the ""Harry Hinkle Foundation"", a non-profit charity to which all the proceeds of any settlement are to go, above and beyond actual medical expenses. When Sandy questions Gingrich about this in private, he tells her that it's just a scam to put pressure on the insurance company to settle, and that there will be enough money in the settlement for everyone to get some.
Hinkle begins to enjoy having Sandy back again, but he also starts to see how Boom-Boom's guilt over the accident is affecting him, especially when he is booed by the fans for his lackluster performance on the field, and then grounded by the team for getting drunk and involved in a bar fight. Hinkle wants Gingrich to help out Boom-Boom by representing him, but, to Hinkle's displeasure, Gingrich says he is too busy negotiating with O'Brien, Thompson & Kincaid. Hinkle also finds out that Sandy is back by his side strictly out of greed, to get enough money to put on a first class singing act and play the Persian Room.
Hinkle shows up with the $200,000 settlement check, and shouts up from the street to Purkey that the game is over. When Gingrich brings the check upstairs, Hinkle is distressed by the avaricious behavior of Sandy. Meanwhile, Purkey has a plan to get Hinkle to break down: he shows up at the apartment to collect his hidden microphones, and while he is there begins to make racist remarks about Boom-Boom and ""our black brothers"" getting out of hand. Hinkle, incensed, jumps up out his wheelchair and decks Purkey, who gets up and yells across the street to his assistant Max (Noam Pitlik) to find out if he got the shot. Told that he's not sure because ""It's a little dark"", Hinkle asks Purkey if he'd like a second take, turns on a light and advises the cameraman how to set his exposure. He then punches Purkey again, and follows up by going on a tear around the apartment, swinging from curtain rods and bouncing on the bed, all to show that he is not actually injured. Sandy is crawling on the floor looking for her lost contact lens, and just before he leaves the apartment, Hinkle roughly pushes her down to the ground with his foot.
Purkey packs up his equipment to leave, but Gingrich tells him to keep rolling, and launches into a speech about his having no idea that his client (Hinkle) was deceiving him, but announcing his intention of suing the insurance company lawyers for invasion of privacy, and reporting Purkey's racist remarks to various organizations. As he proceeds, a crunching sound lets him know that he's just stepped on Sandy's contact lens.
Hinkle drives to the football stadium where he meets Boom-Boom sitting on the bench on the field, ready to leave the team, and perhaps become a wrestler named ""The Dark Angel"". Hinkle manages to snap Boom-Boom out of his funk, and the two run down the fields passing and lateraling a football back and forth between them.",comedy
27,"When the final closing arguments in a murder trial have been presented to the judge, she gives her instructions to the jury, all of whom are men. In the United States, the verdict in criminal cases must be unanimous. A non-unanimous verdict results in a hung jury which in turn forces a mistrial. The question they are deciding is whether the defendant, a teenaged boy from a city slum, murdered his father. The jury is further instructed that a guilty verdict will be accompanied by a mandatory death sentence. The jury of twelve retires to the jury room, where they begin to become acquainted with their personalities and discuss the case.
The story revolves around their difficulty in reaching a unanimous verdict, mainly because of the personal prejudices of several of the jurors. An initial vote is taken and eleven of the jurors vote for conviction. Juror number 8, the lone dissenter, states that the evidence presented is circumstantial and the boy deserves a fair deliberation, upon which he questions the accuracy and reliability of the only two witnesses to the murder, the fact that the knife used in the murder is not as unusual as the testimony indicates (he produces an identical one from his pocket), and the overall shady circumstances.
Having argued several points, Juror 8 requests another vote, this time by secret ballot. He proposed that he would abstain from voting, and if the other eleven jurors voted guilty unanimously, then he would acquiesce to their decision. However, if at least one juror voted ""not guilty"", then they would continue deliberating. In a secret ballot, Juror 9 is the first to support Juror 8, and not necessarily believing the accused is not guilty, but feeling that Juror 8's points deserve further discussion.
After hearing further deliberations concerning whether one witness actually heard the murder take place, Juror 5 (who grew up in a slum) changes his vote to ""not guilty."" Soon afterward, Juror 11, questioning whether the defendant would have reasonably fled the scene and come back three hours later to retrieve his knife, also changes his vote. Jurors 2 and 6 also decide to vote ""not guilty"" to tie the vote at 6-6, Juror 7 (who has tickets to a baseball game at 8:00 that night) becomes tired and also changes his vote just so that the deliberation may end, which earns him nothing but shame. When pressed by Juror 11, however, Juror 7 says he believes the defendant is not guilty.
The next people to change their votes are Jurors 12 and 1 when Juror 8 demonstrates that it is unlikely that one witness actually saw the boy flee the scene, making the vote 9-3. The only dissenters left are Jurors 3, 4, and 10. The remaining jurors are intrigued when Juror 11 proves that although the psychiatric test presented in the case stated that the boy had subconscious desires to kill, tests of such do not prove anything other than what could possibly happen. Outraged at how the proceedings have gone, Juror 10 proceeds to go onto a bigoted and narrow-minded rage on why people from the slums can't be trusted, and as he speaks, Juror 4 responds: ""Sit down. And don't open your filthy mouth again.""
When Juror 4 is pressed as to why he still maintains his vote, he states his belief that despite all the other evidence that has been called into question, the fact remains that the woman who saw the murder from across the street still stands as solid evidence. After he points this out, Juror 12 changes his vote back to ""guilty"" to make the vote 8-4 again. Then Juror 9, after seeing Juror 4 rub his nose (which was being irritated by his glasses), realizes that, like Juror 4, the witness who alleged she saw the murder, had impressions in the sides of her nose, indicating that she wore glasses, and likely was not wearing them when she saw the murder. After he points this out, Jurors 12, 10, and 4 all change their vote to ""not guilty"".
Last of all to agree is the rigid Juror 3 who is forced to present his arguments again. He goes off on a tirade, presenting the evidence in haphazard fashion, before coming to what has really been bothering him all along: the idea that a son would kill his own father (it was established earlier in the film that Juror 3 had a bad relationship with his son). He begins to weep and says he can feel the knife being plunged into his chest. Juror 8 points out quietly that the boy is not his son, and Juror 4 pats his arm and says: ""Let him live."" The man gives in. The final vote is unanimous for acquittal.
All jurors leave and the defendant is found not-guilty off-screen, while Juror 8 helps the distraught Juror 3 with his coat in a show of compassion. In an epilogue, the friendly Jurors 8 (Davis) and 9 (McCardle) exchange names (all jurors having remained nameless throughout the movie) and part ways as Juror 3 walks slowly alone.",drama
28,"Gary Coleman stars as a homeless shoeshine boy named Lester who is living in a locker at Union Station, Chicago. Already a beloved figure among the staff at the station who look after him, and suffering attempts to move him to an orphanage, he finds great popularity after it is revealed that he has an amazing talent for picking winning horses at the racetrack.[10][11]",comedy
29,"An old woman sends a girl begging in the streets of Paris on a snowy evening. Callous revelers pass her by, and she falls asleep before one donor finally drops a golden Louis in her shoe. A gambler with a sure tip on roulette but no cash borrows the coin to win a fortune for the girl. She wakes, and the two miss each other wandering the streets until the gambler finds the girl dead.",drama
30,"Bryan meets a man called Bill in a bar. They go back to Bryan's home and have unprotected sex. Later, they wake up and talk. Bryan discovers that Bill's real name is Brian, and that he is bisexual. They spend hours talking, covering topics including AIDS, sexuality, feminism, role-play and Emily Dickinson.[1]",drama
31,"The film begins with prison inmate Luther speaking directly to the camera to an unseen individual, telling the story of Dizzy Gillespie Harrison, an 18-year-old nerdy high school senior in Austin, Texas. Dizzy is friends with Nora, Kirk, and Glen,[3] who together started a funk rock band called ""Suburban Funk"" and are addicted to video games. They attend Rocky Creek High School, where Dizzy is picked on by basically everyone, especially star football player Barclay. This occurs before and after sex symbol Tina Osgood holds his hands, causing him to have an erection and ends up embarrassing himself as the jocks belittle him with no mercy.[3][4] Dizzy's white briefs were yanked from underneath his pants and placed around his head[3] - revealing the erect penis in plain sight to nearly everyone instead of ""covering it."" The school librarian would eventually ""break"" it after Dizzy refuses to ""hand"" over the ""weapon"" to her.[2][4] Dizzy is misdiagnosed with Tourette's syndrome; he is then placed on medication by the school counselor who advises his father to spend every moment possible with him. While at the mall's food court, the heavily medicated Dizzy makes a fool of himself at a church revival and gets arrested.[2]
In jail, Dizzy meets Luther, who turns out to be a sympathetic ex-victim who makes it his goal to teach him how to be cool.[3] In an attempt to wipe the slate clean, Dizzy gets himself expelled from his old high school, then undergoes a makeover with the help of the prison inmates and guards.[2] Changing his name to 'Gil Harris', he enrolls at East Highland High and makes an impression by being dropped off in a prison van in restraints (a reference to Con Air) and beating up the school bully, Connor.[2]
The action has the intended effect, and head cheerleader Danielle welcomes the newcomer to school.[3] Her friend Courtney invites Dizzy to a party and through a mishap, Dizzy gives Courtney the impression that he has rejected her. Using a photo given to him by the prison inmates and help from his old friends, Dizzy manages to escape the party with his reputation intact. Upon returning home, however, he finds his father has agreed to sell his house and quit work to supervise him, which results in the pair living in a trailer.
At the football game, Dizzy, referencing General Patton in the film, gives an impassioned speech to the team, who proceed to win their first game. He is soon enlisted by the coach and principal to plan the school's homecoming dance, and becomes imbued with school spirit, shedding his bad boy image.
However, Dizzy and Gil are fast becoming too big for one body. When Nora berates Dizzy for becoming the same person he once hated, he uses his newfound popularity to confront Connor. Dizzy and Danielle spur the students to reunite, and the lines dividing the different cliques are broken. With a new philosophy, the school football team begins to win games and bullying becomes a thing of the past.[2] Reaching the state championship, where they play Rocky Creek, Dizzy's antics on the sideline cost Rocky Creek the game, although Barclay recognizes his old punching bag. At school the next day, he attempts to beat up Dizzy, and is in turn attacked by the entire student body. After the attack, Connor helps up Barclay from the ground, telling him he wants to know what he knows (about Dizzy).
The homecoming dance, which Dizzy's funk band is supposed to play, is crashed by the students of Rocky Creek. Barclay and Connor, who have joined forces to set a trap for Dizzy, play an embarrassing video of the librarian incident. However, Luther and the other inmates arrive to save Dizzy, tying up the two bullies. Nora admits longstanding feelings for Glen, and after Danielle reveals that she was also a nerd growing up and forgives him for hiding who he was and they reconcile.
Luther ends the film, and the man he is talking to is revealed to be David Hasselhoff.",comedy
32,"Impoverished aristocrat's daughter Tommy Tucker (Jessie Matthews) is in love with radio announcer Bill Coverdale (Gene Gerrard), but he is engaged to her more glamorous sister Angela (Kay Hammond), who he does not love. Seeking escape from this hopeless situation, and her life of genteel poverty, Tommy flees abroad to Biarritz to become a nightclub singer.",comedy
33,"Wallace Beery plays eternally inebriated ex-veterinarian Tom Terry. An aspiring jockey Mickey (Mickey Rooney) idolizes Tom, who reciprocates by passing along horsemanship advice to the kid. The film's dramatic high point is where Tom, judgement benumbed by years of alcohol abuse, tries to pull himself long enough to perform a delicate operation on Mickey's beloved horse Lady-Q. The film culminates in a big horse race, with Mickey and Tom laying their hopes on the ""long shot.""",drama
34,"Sam Gold (Jesse Eisenberg), is a mild-mannered 20-year-old Orthodox Jewish man who lives with his large family in the Borough Park section of Brooklyn. Sam works in his father's fabric store while studying to be a rabbi. He and his family hope to arrange a marriage for him with Zeldy Lazar (Stella Keitel). However, Sam's family is much poorer than the Lazars, and he worries he will be unable to provide for them.
Sam and his best friend Leon (Jason Fuchs) accept a mysterious job offer from Leon's brother Yosef (Justin Bartha) and his boss, the Israeli Jackie (Danny Abeckaser). Yosef sends them to Amsterdam, with instructions to wait for him. While there, the pair are given a briefcase, which Yosef says contains medicine, and are instructed to walk it through customs in New York. Back in New York, the pair discover the briefcase contains pure ecstasy. Leon wants nothing more to do with Yosef, but Sam is attracted to the easy money.
Sam becomes a participant in Jackie's operation, making trips to Amsterdam to pick up suitcases. He is paid to recruit other young Orthodox Jews as mules, who implicitly trust him as one of their own. Sam meets the liberal Jewish girl Rachel (Ari Graynor), Jackie's girlfriend, and drinks alcohol and takes ecstasy with the gang. Sam begins to rise in the organization when he brokers a business deal with European drug manufacturer Ephraim (Q-Tip).
Meanwhile, Sam leaves the yeshiva. His new job is well-known around his neighborhood, and his parents kick him out of the house. Sam discovers Yosef has been skimming money from Jackie through side deals. Jackie, however, wants to ship street ecstasy, which contains a higher percentage of other drugs, into America. These drugs, carried by unwitting young Orthodox Jews is picked up by drug-sniffing dogs and the mules are arrested.
Sam escapes to warn Yosef, who is high. Yosef suggests they drive to California. Sam returns to his childhood home, where he is greeted by Leon, who has married Zeldy. Sam weeps on his front steps as the sirens in the distance grow closer.",drama
35,"Sarah Polley plays Harper Sloane, a misfit in her snobbish and upperclass family of lawyers, who has just gotten accepted to law school at Harvard. At her sister's wedding, after being sent out from her hiding place in the storage room with a bottle of champagne, she meets Connie Fitzpatrick (Rea), a bohemian photographer who takes an instant liking to her and nicknames her ""Guinevere"". Her visit to his loft in order to pick up the wedding photographs soon blossoms into a full-blown affair, and Harper eventually moves in with Connie as he instructs her in the ways of art, in particular photography.
After a brutal confrontation with Harper's mother (Smart), and Harper's discovery that Connie has a history of relationships with young women, the film comes to a climax in a downtrodden L.A. hotel where Connie ends the relationship by kicking Harper out. She returns only once, five years later, as he is dying from cirrhosis of the liver, and meets the other Guineveres he has had. On the rooftop, she describes her personal view of his kind of heaven, which she affectionately titles ""The Connie Special"".",drama
36,"In a tribal village of Maharashtra is a school which is a part of ‘Sarva Shiksha Abhiyaan’ (Education for All) run by the government. Ramchandra Sontakke (Nandu Madhav) is the sole teacher in the school. Sontakke is a romantic; he wants to build a nation of educated kids but is in for a shock when he realizes that the handful of kids who attend his school come basically for the free mid day meal rather than to study. Sontakke decides to impress his boss by putting up a grand show on the Independence Day and coax him into transferring Sontakke to a town school closer home.
Katu, a tribal boy wants to be the leader and sing the national anthem on Independence Day. But, he can do so only if he fulfills Sontakke’s condition of sporting a white tunic and shorts. Katu goes to great extent to from stealing clothes to begging to even risking run down by a speeding car in an attempt to extract blood money for his uniform. However, Sontakke learns the stark realities of life and manages to get himself transferred even before the Independence Day. With no need to impress his boss will all the efforts he and his students have taken go down the drain? [4]",comedy
37,"Zora Matthews (Long), whose mother Sarah (Goldberg) conceived her with the aid of an anonymous sperm donor, discovers her father is a white man named Hal Jackson (Danson). This comes as a major shock to Sarah, who had explicitly requested a black donor. On top of that, Jackson is a loud, self-promoting car salesman, which clashes with Sarah's intellectualism. The film revolves around Zora and her mother's rocky relationship with Jackson. Jackson eventually comes to have feelings for his daughter and her mother.",comedy
38,"Personal Velocity is a tale of three women who have reached a turning point in their lives. Delia is a spirited, working-class woman from a small town in New York state who leaves her abusive husband and sets out on a journey to reclaim the power she has lost. Greta is a sharp, spunky editor who is rotten with ambition. To spite the hated unfaithful ways of her father, she has settled into a complacent relationship and is struggling (not too hard) with issues of fidelity to her kind but unexciting husband. Finally Paula, who ran away from home and got pregnant, is now in a relationship she doesn't want. She's a troubled young woman who takes off on a journey with a hitchhiker after a strange, fateful encounter on a New York street.",drama
39,"Wallace (Daniel Radcliffe) has an odd job and lives with his sister and nephew in Toronto, Ontario. He dropped out of medical school after discovering his girlfriend having sex with his anatomy teacher and has not been social for more than a year. He is coerced by his best friend Allan (Adam Driver) into going to a house party, where he meets Allan's cousin Chantry (Zoe Kazan) who works as an animator. At the same time, Allan meets Nicole (Mackenzie Davis) and they begin flirting with each other.
Chantry and Wallace leave the party and he walks her home where he finds out that Chantry has a boyfriend. Even so, she gives him her phone number, but he decides against calling her. They later run into each other at a movie theater, where they had both gone alone, and end up having dinner together.
Over time the friendship grows and Wallace is invited to meet Ben (Rafe Spall), Chantry's long-term boyfriend, who works for the United Nations. Ben ends up in the hospital due to a series of unexpected accidents when Wallace visits their house for the first time. At the hospital, Wallace and Chantry run into Wallace's ex-girlfriend, Megan. Ben later moves to Dublin, Ireland for six months due to requirements of his job. During this time, Wallace and Chantry begin to see their relationship develop further and they begin to have deeper feelings for each other.
Allan and Nicole get married. Chantry's sister Dalia (Megan Park) tries to seduce Wallace in her car, but he does not reciprocate, because Wallace is worried that it would ruin any chance he would have with Chantry. Later on, Allan and Nicole invite the two to have a walk on the beach at night. They decide to go skinny dipping and soon Wallace and Chantry decide to join, whereupon Allan and Nicole steal their clothes, forcing them to sleep naked together on the beach. Wallace and Chantry feel forced into the intimate situation and begrudgingly decide to share the sleeping bag. The next day they leave the beach angrily.
Chantry is given a promotion to direct an animated project in Taiwan. However, she is pressured because of her strained relationship with Ben so she travels to Dublin to join him. On arriving, she discovers that Ben has accepted more work commitments that require him to travel frequently and she decides to break off the relationship. Meanwhile, Wallace decides to follow Chantry; upon arriving, Ben punches him in the face, knocking him down the front stairs. He then checks his voicemail, learning that she has returned to Toronto. They meet, but Wallace tells Chantry about the trip and his feelings for her and she responds unfavourably.
Wallace considers going back to medical school and moving on with his life; however, he decides to attend Chantry's farewell party and they have a tearful goodbye. They finally admit to their mutual feelings while giving each other a Fool's Gold Sandwich, something they had previously discussed while hanging out together, and kiss.
In an epilogue set 18 months later, it is revealed that Wallace followed Chantry to Taiwan and proposed to her there while he completed his medical studies. They marry and contemplate the rest of their lives while sitting on Wallace's rooftop.",drama
40,"In 1974, Ron Burgundy is the famous anchorman for a local San Diego television station, fictional KVWN channel 4. He works alongside his friends, whom he had known since childhood, on the news team: lead field reporter Brian Fantana, sportscaster Champ Kind, and intellectually-disabled, but loyal and good-hearted chief meteorologist Brick Tamland. Station director Ed Harken informs the team that they have retained their long-held status as the highest-rated news Program in San Diego, leading them to throw a wild party, where Ron unsuccessfully attempts to pick up a beautiful blonde woman, Veronica Corningstone. Ed later informs the team that they have been forced to hire Veronica Corningstone, the same woman Ron attempted to pick up. After a series of unsuccessful attempts by the team to seduce her, she finally relents and agrees to a ""professional tour"" of the city with Ron, culminating in a sexual relationship. Despite agreeing to keep the relationship discreet, Ron announces it on air as well as shouting about it in the office.
After a dispute with a motorcyclist ends in Ron's dog Baxter being punted off the San Diego–Coronado Bridge, Ron is late to work. Veronica fills in for him on-air, gets higher ratings than Burgundy normally gets, and the couple breaks up. Veronica is promoted co-anchor, to the disgust of the team, and both co-anchors become fierce rivals on and off the air. Depressed, the news team decides to buy new suits, but Brick, who was leading the way, gets them lost in a shady part of town. Confronted by main competitor Wes Mantooth and his news team, Ron challenges them to a fight. However, when several other news teams converge onsite, a full-on melee ensues, only to be broken up by police sirens that cause them to flee. Realizing that having a female co-anchor is straining their reputation, Ron gets in another heated argument with Veronica, and they get in a physical fight after she offends him about his hair, further increasing tensions.
One of Veronica's co-workers informs her that Ron will read anything written on the teleprompter, so she sneaks into the station and changes the text in revenge. The next day, Ron (unaware of what he is saying) concludes the broadcast with ""Go fuck yourself, San Diego!"", instead of his signature closing line, ""You stay classy, San Diego!"", subsequently triggering an angry mob outside the studio and prompting Ed to fire Ron. Realizing she went too far, Veronica attempts to apologize, but Burgundy angrily dismisses her. Burgundy becomes unemployed, friendless, and heavily antagonized by the public while Veronica enjoys fame, although her male co-workers hate her. Ed also informs Champ, Brick, and Brian that if they see Ron they may not speak with him or they will be fired.
Three months later, when a panda is about to give birth, every news team in San Diego rushes to the zoo to cover the story. In an attempt to sabotage her, a rival news anchor pushes Veronica into a Kodiak bear enclosure. When Ed could not locate Veronica, he recruits Ron. Once at the zoo, Ron jumps in the bear pen to save Veronica, as the public watches helplessly. The news team then jumps in to save Ron and Veronica. Just as a bear is about to attack, Baxter, who miraculously survived, intervenes and encourages the bear to spare them. As the group climbs out of the pit, Wes appears and holds the ladder over the bear pit, threatening to drop Ron back in, and says that deep down he has always hated him, but then admits to Ron that he also respects him and pulls Ron out to safety.
After Ron and Veronica reconcile, it is shown that in years to come, Brian becomes the host of a Fox reality show named Intercourse Island, Brick is married with 11 children and is a top political adviser to George W. Bush, Champ is a commentator for the NFL before getting fired after being accused by Terry Bradshaw of sexual harassment, and Ron and Veronica are co-anchors for the CNN-esque World News Center.",comedy
41,"Unlike the play Joan of Lorraine, which is a drama that shows how the story of Joan affects a group of actors who are performing it, the film is a straightforward recounting of the life of the French heroine. It begins with an obviously painted shot of the inside of a basilica with a shaft of light, possibly descending from heaven, shining down from the ceiling, and a solemn off-screen voice pronouncing the canonization of the Maid of Orleans. Then, the opening page of what appears to be a church manuscript recounting Joan's life in Latin is shown on the screen, while some uncredited voiceover narration by actor Shepperd Strudwick sets up the tale. The actual story of Joan then begins, from the time she becomes convinced that she has been divinely called to save France to her being burnt at the stake at the hands of the English and the Burgundians.",drama
42,"Pee-wee Herman has a dream of being a famous singer. He makes his exit by disguising himself as Abraham Lincoln. One of the fans asks him for his autograph, but his disguise is promptly exposed. They chase after him and he flies off to his ranch. Pee-wee finally awakens from his dream that morning to work on his farm with Vance the pig (Wayne White). Later, he has lunch with his fiancée, school teacher Winnie Johnson (Penelope Ann Miller). Next, he races Vance to a general store owned by Mr. Ryan (Albert Henderson) to order a cheese sandwich.
The Sheriff (Kenneth Tobey) warns everyone of a large storm approaching town. After the storm ends, Pee-wee emerges from his storm shelter to discover that an entire traveling circus has been blown into his backyard. Befriended by Cabrini Circus manager Mace Montana (Kris Kristofferson), Pee-wee is hoping to impress Gina Piccolapupula (Valeria Golino), a trapeze artist and the circus' star attraction, thereby incurring the jealousy of his relationship with Winnie until she meets Gina's older brothers, the Piccolapupula Brothers. Gina leaves Pee-wee when she finds out about Winnie, but later returns to him when she realizes that Pee-wee actually loves her.
Pee-wee wants to join the circus, but his attempts fail. Gina then tells Pee-wee about her deceased father Papa Piccolapupula who was a famous aerialist who suffered a fall performing the Spiral of Death. Gina states that Pee-wee should try walking the tightrope in his honor.
Mace comes up with a brilliant idea: to stage a three-ring spectacular saluting the American Farm. The problem is that the majority of the town's residents are careless elderly people who have been demanding the circus Pee-wee is helping leave town.
The Sheriff and Mr. Ryan lead the elderly townspeople show up as the Sheriff attempts to arrest Pee-wee. The Sheriff promises to drop the charges if the circus leaves town. While the Circus is packing, Mace tells Pee-wee they will do the circus elsewhere to prevent Pee-wee from going to prison. Pee-wee saves the day when he sneaks modified cocktail weenies from his hot dog tree to the elderly townspeople, causing them to become children once again. Without any memories of what happened, the children attend Mace's circus and watch Pee-wee perform.",comedy
43,Two women of different social backgrounds work together in a dressmaker's.,drama
44,"Moore and Caine play dual roles—a pair of small-time con-men and a pair of inept nuclear physicists who believe they have invented a limitless supply of energy. The con men use their resemblance to the scientists to con their way into the scientists' safe deposit boxes and steal the formula, but in so doing, they become entangled in a shady world of spies and international intrigue. The film includes a number of cameo appearances, including Jenny Seagrove (Winner's partner at the time) playing two different roles, John Cleese, Patsy Kensit, Alexandra Pigg and Nicholas Courtney. The film also features Roger Moore's daughter, Deborah Moore, in a supporting role.",comedy
45,"Rival journalists Jack and Minnie (Hulbert and Courtneidge) compete for a scoop about a missing heiress (Tamara Desni). When they track her down to Switzerland, Jack falls for her and Minnie gets to write up the story.",comedy
46,"A woman who cheated on her loving husband is thrown out of her home by said husband. Twenty years later, she finds herself accused of murder for saving her son, who does not know who she is as he was raised without her. He finds himself defending her without knowing her background.",drama
47,"Jatt Ambarsariya alias Diljit Singh (Diljit Dosanjh) lives a dual life as a RAW agent and insurance agent. He is put on a mission to save the honest and idealistic Home Minister of Punjab from a drug mafia who is plotting the minister's murder.
During the course of the mission, Jatt Ambarsariya meets Jasleen Kaur (Navneet Kaur Dhillon), his boss at the insurance company, and Kirat (Monica Gill), his landlord. In accomplishing his mission, he falls in love with both of them and the same goes for them, resulting in a love triangle. But Ambarsariya, being true to his job, breaks their hearts.",drama
48,"For the first time in 58 years because of a cold, retired schoolteacher Mr. Chipping (Robert Donat) misses a first-day assembly at Brookfield Public School. That afternoon he falls asleep in his chair and his teaching career is related in flashback.
When 25-year-old Charles Edward Chipping first arrives as a Latin teacher in 1870, he becomes a target of practical jokes on his first day. He reacts by imposing strict discipline in his classroom, making him disliked but respected. Twenty years pass and he becomes the senior master. He is disappointed in not receiving an appointment as a housemaster within the school for the following year. However, the new German teacher, Max Staefel (Paul Henreid), saves him from despair by inviting him to share a walking holiday to his native Austria.
While mountain-climbing, Chipping encounters Kathy Ellis (Greer Garson), a feisty English suffragette who is on a cycling holiday with a friend. They meet again in Vienna where she persuades him to dance to the Blue Danube Waltz. This piece of music is used as a leitmotif, symbolizing Chipping's love for her. Staefel remarks that the Danube does not appear blue, but Chipping remarks it only appears so to those who are in love. On another part of the same boat, as Kathy looks at the river, she tells her friend that it is blue. Even though Kathy is considerably younger and livelier than Chipping, she loves and marries him. They return to England, where Kathy takes up residence at the school, charming everyone with her warmth.
During their tragically short marriage (she dies in childbirth, along with their baby), she brings ""Chips"" out of his shell and shows him how to be a better teacher. He acquires a flair for Latin puns. As the years pass, Chips becomes a much-loved school institution, developing a rapport with generations of pupils; he teaches the sons and grandsons of many of his earlier pupils.
In 1909, when he is pressured to retire by a more ""modern"" headmaster, the boys and the board of governors of the school take his side of the argument and tell him he can stay until he is 100, and is free to pronounce Cicero as SIS-er-ro, and not as KEE-kir-ro.
Chips finally retires in 1914 at the age of 69, but is summoned back to serve as interim headmaster because of the shortage of teachers resulting from the First World War. He remembers Kathy had predicted he would become headmaster one day. During a bombing attack by a German zeppelin, Chips insists that the boys keep on translating their Latin - choosing the story of Julius Caesar's battles against Germanic tribes, which describes the latter's belligerent nature, much to the amusement of his pupils. As the Great War drags on, Chips reads aloud into the school's Roll of Honour every Sunday the names of the many former boys and teachers who have died in the war. Upon discovering that Max Staefel has died fighting on the German side, Chips reads out his name in chapel, too.
He retires permanently in 1918, but continues living nearby. He is on his deathbed in 1933 when he overhears his colleagues talking about him. He responds, ""I thought you said it was a pity, a pity I never had any children. But you're wrong. I have! Thousands of 'em, thousands of 'em ... and all ... boys.""",drama
49,"The film is an examination of libidinous basketball star Hector Bloom, and contrasts his sporting prowess on the court to his bedroom antics. Most notably, Hector has an affair with his favorite professor's wife Olive that goes nowhere. This, and many other events, occur within a heated early 1970s backdrop of university politics, sporting hijinx, and anti-war sentiments. The title is related to driving to the basket in basketball.",drama
50,"""Blue"" Monroe (played by Seda) is a 16-year-old juvenile offender (convicted of murdering an abusive stepfather) who is dying of abdominal cancer. Dr. Michael Reynolds (played by Harrelson) is Blue's rich, self-absorbed oncologist.
During a medical visit, Blue discovers that he has only a month to live and decides to escape. He kidnaps Dr. Reynolds and forces him to drive to Arizona to visit a mountain lake sacred to the Navajo people. The trip forces both to confront their sense-of-self and life choices.",drama
51,"Mike Harvey (Cromwell) and Betty Cameron (Wilson) are college sweethearts at a New York college. They are so anxious to consummate their relationship that Mike suggests that the two of them quit college, get married and move to California where a friend of his has offered him a job. Both Mike's mentor, Professor Matthews, and Betty talk him out of it. In a funk, Mike goes to the local diner.
Dora (Judge) is an underage waitress who has had a crush on Mike and suggests that he walk her home after her late shift. Arriving at her house, she invites him in. Once in the house she lets him know that her father is working the night shift, offers Mike some of the liquor her father keeps hidden and turn on the music. The drunken couple begin kissing and end up having sex. They wake up the next morning as Dora is asking Mike if he's sorry for what happened. At that moment Dora's father (Barlow) comes in. He sees the rumpled condition of the couple, hears Dora's words and immediately has Mike arrested for corrupting the morals of a minor.
Matthews bails Mike out and when they meet with Dora and her father in the District Attorney's office, Mr Swales presents Mike with two options: marry Dora or have charges brought against him. Despite Professor Matthews attempts to intervene, Dora's father insists that Mike marry his daughter and Mike finally acquiesces. The plan is made for them to get married that night and leave immediately for California. Mike goes to see Betty who has changed her mind and wants to leave school right away to get married. Mike tells her that he has to marry someone and why, she becomes distraught and suggests they run away and get married right away. He tells her that he has to do the right thing by Dora and leaves. Betty is visibly upset and later Duke Galloway, a classmate of Mike and Betty's offers to take her for a ride to help cheer her up.
Mike arrives at Dora's house. Her father lets him know that the preacher is on the way. Dora comes downstairs in a white suit for the wedding and so that she can leave with Mike right away. Professor Matthews is standing up for Mike. Before the preacher can arrive, Professor Matthews is summoned to the hospital and he takes Mike with him with Dora and her father following behind.
When the arrive at the hospital they find out that Duke has had a bad car accident. Betty is badly injured but Duke dies from his injuries at the hospital. Dora sees Mike and Betty and tells her father that she refuses to marry Mike because she can see how much he and Betty love each other.
The last scene shows a now married Mike and Betty on the train to California.",drama
52,"Friends Hermie (an aspiring artist), Oscy (a jock), and Benjie (a nerd) graduate high school in the Spring of 1944, under the looming threat of World War II. At a post-graduation party, Hermie and Oscy are startled when Benjie tells them that he's enlisted in the Marines. While Hermie and Oscy spend the Summer working at a loading dock, Benjie goes to basic training; at Summer's end, they see him off on his way to fight in the Pacific Theater.
At their fathers' behest, Oscy and Hermie go to college. Much of the film consists slice of life vignettes depicting college life during wartime, with the effect of the war on the home front as a constant recurring theme.
While Hermie is serious about his studies, Oscy primarily sees it as an opportunity to pick up girls. On the campus newspaper staff, Hermie meets and falls in love with Julie, a well-to-do coed. At her suggestion, Hermie and Oscy join a frat and successfully pass through the requisite hazing rituals. Shortly after moving into the frat house, though, Oscy is expelled for bringing girls to his room, and Hermie finds himself saddled with an annoying roommate. Oscy, seeing no other alternative, enlists in the army.
Hermie and Julie have a falling out after Julie tells him she intends to go out on a non-romantic date with an old boyfriend coming into town on shore leave. Hermie expresses his distrust for Julie and they break up. Back at the frat house, Hermie receives a phone call from his mother that his father has died unexpectedly. Returning home for the funeral, he's reunited with Oscy, who has passed basic training and is now a typist on Governor's Island. Oscy takes Hermie out for a night of drinking in his father's memory, culminating in a bar room brawl. Back at Hermie's house, a drunk Hermie voices his inability to accept his father's death before passing out. Oscy stays up through the night, watching over Hermie.
Hermie returns to college and is about to call for a cab at the New York, New Haven and Hartford Railroad train station when Julie arrives in her car. She tells him that Hermie's mother told her about his father's death, and that she's come to reconcile with him. Julie further tells Hermie that she's learned he passed his final exams for the semester and has successfully completed his Freshman year. Hermie and Julie reconcile and climb into the back seat of Julie's car as the film ends.",drama
53,"A successful author (Ali Fazal) pretends to be a geek in order to impress his girlfriend's (Anisa) brother (Gulshan Grover), because he expects his brother-in-law to be intelligent. While the hero is almost on the verge of winning over his girl's bhaiya, his rowdie lookalike shows up, adding to the drama. That's not all. Even the bhaiya has a lookalike which doubles the drama and confusion.",comedy
54,"Described as ""a coming-of-age drama that evolves into a crime thriller"",[4] the film begins with teenagers Jonas and Casey meeting, introduced by Casey's faithful dog Blaise. Jonas spends his days working on his father's cattle ranch in the Great Lakes region of North America; Casey and her father Wayne, a police sergeant, are the new neighbors. Wayne tries to quell the romance blossoming between Casey and Jonas. When Jonas sees Wayne hit Casey, Jonas and Wayne get into fight and Wayne threatens Jonas's life. Later, Jonas sees Wayne steal a large sum of money; Jonas takes the money from Wayne and he and Casey go on the lam, living outdoors and trying to stay one step ahead of Wayne and the authorities.",drama
55,"Loosely based on the real-life actor-manager Geoffrey Kendal's family and his travelling ""Shakespeareana Company"", which earned him the Indian sobriquet ""Shakespearewallah"", the film follows the story of nomadic British actors as they perform Shakespeare plays in towns in post-colonial India.[2] In this story, Tony Buckingham (Geoffrey Kendal) and his wife Carla (Laura Liddell) oversee the troupe. Their daughter, Lizzie Buckingham (Felicity Kendal), falls in love with Sanju (Shashi Kapoor), who is also romancing Manjula (Madhur Jaffrey), a Bollywood film star.
In real life, Shashi Kapoor fell in love with Felicity's elder sister Jennifer Kendal. Their marriage provided an important contribution to the Indian film industry until Kendal's death in 1984.",drama
56,A bawdy yarn concerning three sex-starved sailors on leave and on the rampage in a British town.[3],comedy
57,"Chief Inspector Robin (Teddy Robin) receives information about the release of a felon who is rumored to be interested in murdering someone. At first, he is unable to determine the identity of both the felon and the supposed victim. However, after some research, he concludes the felon is triad boss Ah Capone (Karl Maka) and the victim is private investigator Yoho (George Lam). In order to protect Yoho, Inspector Robin arrests him on a trivial charge and locks him up at the police station.
After Capone is released from prison he meets up with the four heads of the four families to re-establish his position as head honcho and express his goal of murdering Yoho. He issues a death warrant for Yoho and sends henchman, Popeye (Eric Tsang) to act upon it.
Yoho and Inspector Robin turn out to be childhood friends. Inspector Robin repeats his reason for keeping Yoho locked up, however Yoho appears to be unconcerned and insists on leaving. To prevent him leaving, Inspector Robin imposes a $5000 bail. However to his surprise, a mysterious woman (Yiu Wai) arrives to promptly pay the $5000 bail money upfront. Although Yoho doesn't know the woman, he leaves with her. On the way out, they bump into Popeye who deliberately got arrested in order to kill Yoho in prison.
Yoho follows the mysterious woman to her house where he learns she is married to a rich, disabled old man, Yummy (Tang Kee-chan). The old man informs Yoho that his wife is in fact trying to kill him in order to obtain his assets. Yoho promises the old man that he'll obtain evidence of his wife's treachery.
After Yoho follows the old man's wife, they are both captured by Capone who locks them up and leaves them to die. They eventually escape and return to Yummy's house and notice some henchmen posted outside. Yoho learns that Capone tricked Yummy into believing that Yoho and his wife were having an affair to pave the way for Mimi to seduce Yummy. Filled with rage, Yummy chased and shot at the pair. They were finally able to escape and leave the house separately. On his way, Yoho meets a young woman, Wai (Marylinn Wong) who helps him escape the henchmen.
Meanwhile, Mimi successfully seduces Yummy who learns of her true intent and drops down in a faint. On his way to unconsciousness, he reveals the existence of a daughter and that he'll leave everything to her.
Wai tells Yoho of her relationship with Yummy. During their conversation, Yoho receives a phone call from Inspector Robin who tells him that Yummy is in the hospital. Yoho follows Wai to the hospital and finds that Capone's henchmen are also looking for Yummy. Yoho decides to try and spirit Yummy out of the hospital. Unfortunately, he is ambushed and Wai is kidnapped by an unknown party.
Capone receives a phone call from a woman claiming she has Wai and that he must come up with the ransom to rescue Wai if he wants Yummy's assets. After they disconnect, the woman is revealed to be Yummy's wife. It is then revealed further that it is a huge scam as Yummy, Yummy's wife and also his daughter are a family of professional swindlers. As well, Yoho was already privy to all of this but didn't uncover their identities because he wanted to find out about Yummy's swindling scheme. Yoho partners up with Yummy for a second scheme, to swindle the four heads of the four families. With Yummy's agreement, Yoho then sets up the four heads of the four families.
Both Capone and the fours heads of the four families arrive at the appointed place at the same time. After a shoot-out, Inspector Robin appears with a troop of policemen and arrests everyone. The random is collected but as both bags are deposited into a police cruiser, it is driven away by Yoho. Inspector Robin and Capone give chase but only Inspector Robin makes it to the pier where Yummy and his family are waiting for Yoho. Yoho hands over the ransom to Yummy. In an apparent betrayal, Yoho and Inspector Robin shoot each other while Yummy takes the opportunity to escape with his family and ransom. After the boat takes off, Yoho and Inspector Robin get up unharmed and Yummy finds the random is actually worthless paper. Yoho and Inspector Robin then take off with the real money to Paris.",comedy
58,"Albert 'King' Cole is a talented heavyweight boxer who has potential to achieve the championship. At least his trainer, Henry 'Pop' Hardy thinks so. Hardy brings in his friend Mr. Wayne to sponsor Cole. Cole meets Mr. Wayne's daughter, Eleanor who is arrogant, but Cole manages to catch Eleanor's attention. Will they overcome their differences and obstacles and be together?",drama
59,"Chimney sweep Joe (Norman Evans) inherits a dilapidated hotel which, with the help of former army chums as staff, he starts to turn around. A pair of devious property developers however, attempt to buy the hotel from him, knowing that the land is due to be redeveloped, and to increase in value when an airport is built nearby.",comedy
60,"Fellow department store shopgirls and roommates Gerry March (Crawford), Connie Blair (Anita Page) and Franky Daniels (Dorothy Sebastian) take different paths in New York City, but all seek to marry wealthy men. Connie pursues an affair with David Jardine (Raymond Hackett), son of the department store owner. Meanwhile, Franky meets the slick-talking Marty Sanderson (John Miljan) when he comes into the store to buy $500 worth of towels. However, when Sanderson comes to pick Franky up, he hits on Gerry instead.
At the same time, Gerry has been constantly courted by the dashing Tony Jardine (Robert Montgomery), elder son of the store owner. He is used to getting what he wants, but when he invites her to visit the gardens on his estate alone. Gerry, who believes that virtue will be her only reward, rebuffs Tony and intimates that he is childish.
Franky falls in love with Sanderson, who spoils her with diamonds and silk. Gerry is suspicious, especially when she finds them both drunk and has to lead Franky out. However, unbeknownst to them, Sanderson is the leader of a criminal gang that steals from department stores like the one the women work at. The police come to apprehend Franky, believing she is a part of the gang, but she knows nothing of it.
Meanwhile, Connie is very happy with David and intends to marry him. However, she reads in the newspaper that David intends to marry the high-society Evelyn Woodforth (Martha Sleeper). She listens to the reception being broadcast on the radio and takes poison in an attempt kill herself. Gerry finds her and goes to Tony in order to force David to leave his reception to visit Connie. In a contentious conversation, Tony forces David to leave and visit Connie, and this selfless act attracts Gerry and convinces her that Tony is a good guy after all. However, despite David's visit, Connie dies.",drama
61,"Set in 1911 and the growing protest against British rule in Ireland, young John Cassidy (Seán O'Casey)[3] is a labourer by day and a pamphleteer by night. When the pamphlets he has written incite riots, Cassidy realizes he can do more for his people with the pen than with the sword. He writes a new play, The Plough and the Stars, which he submits to the Abbey Theatre (which had already rejected another of his plays, The Shadow of a Gunman), and is surprised when W.B. Yeats, the founder of the Abbey, accepts and produces his new play. The opening of the play causes the audience to riot, and he loses many friends; but he is undeterred and is soon acclaimed as Ireland's outstanding young playwright.
As early as 1907, performances of John Millington Synge's The Playboy of the Western World resulted in riots by theatergoers, which had to be quelled by police.[4] The real W.B Yeats, a friend of both authors, said similar words at or after both riots.[3][5] Young Cassidy brings this parallel history (the riots of The Plough and the Stars and The Playboy of the Western World) to vivid life, tied together by the character of Yeats.",drama
62,"Margaret Selfridge (Hulette) lives with her affluent father, Simon (Currier) and her Aunt Abigail (Lucy Beamont) in a mansion in New York City. She is involved in a romantic relationship with Garry Homes (Earle), an honest man from a modest background.
While walking through the city one day, Garry discovers Peggy crying outside a fruit stand, lost and alone. He quickly becomes fond of her, but he does not recognize her as his daughter, and takes her to the police station. The police call the Selfridges, but Garry leaves before they arrive to claim Peggy. He does however leave his dog behind to watch over Peggy; she becomes immediately attached to him and insists on adopting him.
Another ex-convict engages Garry to help him commit a burglary. He is reluctant to participate, but finally decides that the money will help him get back on his feet.
The Selfridge family decamps to their mansion in Westchester for the summer. One evening, Peggy asks if she can borrow her mother's most cherished possession: her wedding ring, which she wears on a chain around her neck. Margaret agrees, and Peggy happily wears the necklace to bed.
That night, Peggy is woken by noise in the house. She investigates and discovers Garry in the study as he is in the process of robbing the safe. She tells him he cannot steal her grandfather's jewels, and offers him Margaret's necklace in exchange. Garry immediately recognizes the ring on the necklace, and realizes that Peggy must be his daughter. Before he has a chance to explain the situation, Simon Selfridge returns home. He does not recognize Garry and shoots him, believing him to be an intruder.
Simon calls a doctor, and Garry eventually recovers from his injury. Simon finally reconciles with his daughter and welcomes Garry to their home. The film concludes with the entire Selfridge clan, Garry included, living as a happy family.",drama
63,The story takes place in Japan primarily during the late 1930s (Shōwa period). The sisters live in the Kansai area (Kobe/Osaka) and travel to Tokyo and other prefectures throughout the novel.,drama
64,"When a bank manager discovers Peter Stirling, one of his tellers, is attracting public attention he calls the young man in who relates his story in flashback.
Then Second Lieutenant Peter Stirling (Donald O'Connor) is caught behind Japanese lines in Burma during World War II. Francis, a talking Army mule (voiced by Chill Wills), carries him to safety. When Stirling insists that the animal rescued him, he is placed in a psychiatric ward. Each time Stirling is released, he accomplishes something noteworthy (at the instigation of Francis), and each time he is sent back to the psych ward when he insists on crediting the talking mule. Finally, Stirling is able to convince General Stevens (John McIntire) that he is not crazy, and he and the general become the only ones aware of Francis' secret. In an effort to get himself released from the psych ward, Stirling asks Stevens to order Francis to speak, but the mule will not obey until it becomes clear that Stirling will be arrested for treason if he remains silent.
During one of his enforced hospital stays, he is befriended by Maureen Gelder (Patricia Medina), a beautiful French refugee. He grows to trust her and tells her about Francis. Later, a propaganda radio broadcast from Tokyo Rose mocks the Allies for being advised by a mule. This leads to the suspicion of Stirling or Maureen being a Japanese agent. The press is later informed that the absurd mule story was concocted in order to flush out the spy, and with Francis' help, the real culprit is identified.
Francis is shipped back to the U. S. for further study, but his military transport crashes in the wilds of Kentucky. After the war, convinced that Francis survived the crash, Peter searches for and finally finds the mule still alive and well and talking!",comedy
65,"A teens life is shattered by a fatal car crash. Leaving his mother dead and him lost from the world. He's forced to move to a small town to live with his grandmother, whom he's never met. After living together they discover that they're unable to find peace with their own demons until they've found peace with each other. Broken Roads is a contrasted portrait of life; dealing with loss. A character driven journey of rediscovery and the hills climbed which forever change us.",drama
66,"A director, Alan Smithee, has been allowed to direct Trio, a big-budget action film starring Sylvester Stallone, Whoopi Goldberg and Jackie Chan. The studio recuts the film, and when Smithee sees the results (which he describes as being ""worse than Showgirls""), he wants to disown the film. However, since his name is also the pseudonym used by Hollywood when someone does not want to have their name attached to a bad film, he steals the film and flees, threatening to destroy the film by burning it.",comedy
67,"Fred Amidon is a New York City bank teller whose wife Rachel is divorcing him. Fred already has a new fiancée, bank colleague Pamela Anders, with whom he is about to embark on a vacation.
While on a picnic in the park, Fred is stung on the chin by a bee. Because it hurts him to shave, Fred lets a full beard grow. He returns to work from vacation and is surprised when his boss orders him to shave. Pamela doesn't care for the beard, either, but Fred is tired of always conforming to everyone else's desires and demands. He refuses and is fired.
Colleagues come to Fred's defense. The male ones grow beards in support. Co-workers go on strike and carry picket signs outside the bank, soon joined by hippies and jazz musicians with beards. Fred becomes an overnight media sensation.
Rachel likes the new Fred's backbone and fortitude. Pamela does not. She drugs his wine and has her brothers shave him. Fred wakes up with their work half-finished. He flees on foot, wearing half a beard and nothing else but underwear and shoes. Police arrest him and place him in a psychiatric ward. Rachel rescues him, they reconcile and Fred shaves the beard, which he never intended to keep.",comedy
68,"At the New York Bulletin newspaper, its owner, Robert Drexel Gow (Charles Coburn), receives a teletype story that the newspaper’s thirty-nine-year-old editor, Max Wharton (Alexander Knox), is resigning to enlist in the army. Robert is livid, both at the news and the method that he found out about the news. There is a second story on the teletype: Max’s wife, the famous novelist Paula Wharton (Irene Dunne) (whom Max calls Paulie), is in Hollywood adapting her latest book into a movie screenplay. Max wants to do his duty as a citizen and responsible journalist to be close to the war (World War II). Robert’s view is that without Max, the newspaper will fold because Max *is* the newspaper.
From Hollywood, Paulie telephones Max and congratulates him on his decision. After Max informs her of the plan of basic training then possibly officer’s candidate school, Paulie decides that she will move to where ever that school is to be close to him.
After completion of basic training, Max sends Paulie a telegram that officer’s candidate school is in Tetley Field, Florida. She doesn’t quite understand Max’s motivations, but she wants to see her husband succeed in this passion.
Paulie arrives at Palmetto Court looking for bungalow 26D and meets the last tenant, Jan Lupton (Jeff Donnell), whose husband Roy has just graduated to second lieutenant. Jan gives Paulie the lowdown on life in 26D, and that life for the enlisted at Tetley Field is all work, work, work. With school, Jan relays a story she heard where once you’re over 21 years of age, your brain doesn’t absorb the material taught anymore. Max comes by the bungalow surprised to see his wife there already. They have a loving reunion. The Luptons say goodbye to the Whartons, who can now have a proper reunion.
Max and Paulie discuss their upcoming life. Paulie wants to be just like all the other army wives living in the complex. With his difficulties in school, Max is concerned if he is doing the right thing for himself, for the country and for the newspaper. But his reason for doing this in the first place was to see the war first hand so that the newspaper could have some credible first hand account.
There is a frantic knock on the door. It is the Luptons. The train’s been delayed and, after an uncomfortable silence,the Whartons offer the Luptons the bedroom for the night; Paulie will sleep on the sofa in the living room. The Lupton’s return will delay the more passionate part of the Wharton’s reunion until another time.
Robert, the publisher, calls wanting to speak to Max about the newspaper’s future, the newspaper which he feels is falling apart. Robert is yelling and screaming how much he needs to make important decisions with Max’s input. After Paulie in return yells back that Robert is not to disturb Max during this time (not mentioning Max’s troubles in school), she abruptly hangs up on him.
Over the next several weeks, both Max and Paulie get ensconced in their new respective lives. Paulie is doing work foreign to her: housework. Max uses whatever free moment he has to cram more and more information into his brain, which he is still finding difficult to do.
After a field exercise, a tired Max hops into his bunk. He is approached by a fellow student named Paulson, a reporter with the base’s newspaper, the Tetley Field Sentinel. He wants Max, as the most famous recruit on the base, to write a story about himself for the newspaper. Max is reluctant to do so if only for lack of time, but Paulson leaves him to consider the offer.
At the base, Max is called into Colonel Foley’s (Charles Evans) office. The Colonel mentions that both his wife and mother-in-law are admirers of Mrs. Wharton and plan on dropping by the bungalow later that afternoon. Max is pleasantly surprised at the announcement, but surprised nonetheless as he in unaware of Mrs. Gates’ encounter with Paulie.",comedy
69,"Johnny Moon is a mob boss who controls everything from politicians to a profitable women's penitentiary he runs. He has ruined many lives, including that of Helen Martin, a teacher, and her sister Jean.
A political reformer, Frank Donovan, is able to persuade Helen to go undercover behind bars, posing as an inmate, to unearth evidence that will prove Moon's abuse of the incarcerated women. She ultimately succeeds, but not before placing her life in grave danger.",drama
70,"Bill has an unusual dilemma when he returns home from the war in Korea, where he'd been a pilot. Out of pride, he wants to provide the sole support for Doris and their family, but Doris isn't sure what to do because she has just inherited a fortune.",comedy
71,"Pop, the janitor of a downtown New York City apartment building, is in the hall changing the lights. While there, he overhears an argument coming from within one of the apartments. The argument is between a young woman named Maria and her overbearing Italian mother, who is concerned that her daughter is bringing shame to the family name by associating with another tenant in the building named Eileen, who works as a prostitute.
After storming out of the apartment, Maria encounters Pop in the hall and he begins to calm her down and the two eventually go into the building's kitchen to talk. Maria explains that the argument was about her friendship with Eileen, before then admitting her admiration for her friend's beauty and supposed exciting lifestyle.
Pop then begins to tell Maria a story of a young woman named Johnnie, who used to live in the building with her husband Frankie about ten years earlier. The film flashes back to Frankie and Johnnie on their fire escape. It is evident that there is an emotional distance between the two, as Frankie seems unhappy with his life, leaving Johnnie, who is pregnant with their baby, to feel isolated. The two reminisce about how they first met, before Frankie mentions an old friend whom he had recently seen. This old friend was in the Navy, and was traveling all over the world. Frankie starts detailing his fascination for Navy life and the prospects it can bring to him, before Johnnie, realizing that Frankie desires to leave her for a better life, tries to change the subject. Pop then narrates that a few weeks later, Johnnie woke one morning to find that Frankie had left her and their unborn baby. Maria asks what happened to the baby, to which Pop informs her that Johnnie had a miscarriage. He also adds that Johnnie eventually changed her name to Mae and moved on with her life. However, she remained a tenant in the building.
While discussing Mae, Pop mentions another couple who live in the building, Flo and Charley, who were involved with Mae at one point. The film then flashes back and shows the beginning of this couple's relationship. It is shown that Charley was friends with Mae, and she comes to his apartment one morning telling him that she is pregnant. Mae reveals to Charley that she plans on putting the baby up for adoption once it's born. Charley, feeling sorry for Mae, asks her to marry him. A few days later, Flo meets Charley in a bar where he explains this situation to her. Eventually, Charley realizes that he loves Flo and that he can't marry Mae just because he feels sorry for her. He then asks Flo to marry him. As Pop finishes narrating the story to Maria, Flo comes into the kitchen and is shown to be pregnant herself with Charley's baby. Maria and Flo begin talking about what became of Mae. Flo explains that while she and Charley got married, Mae had her baby and put it up for adoption like she said she would. Flo also elucidates that Mae, like she had done before, changed her name, this time to Eileen. Maria then realizes that her friend Eileen is the subject of the stories she has been told.
Flo tells Maria about Eileen, who works as a prostitute at a nearby club. One night, she arrives to her apartment to find her lover Billy waiting for her. Billy is a sailor and is in love with Eileen, although she does not reciprocate this feeling. While she removes her makeup and undresses, Billy professes his desire to marry her, stating that he does not care about her past. She interjects by informing him of the many men she has been with and the things she has done with them, before then reflecting of a time when she was in love with a man whom she planned to marry. However, he was killed in an accident shortly before their wedding. Billy still expresses his wish to marry her and while doing so, accidentally breaks a porcelain doll given to her by the man she once loved. Eileen then becomes hostile towards Billy, and begins mocking him, telling him she would never marry him and that she would never love him. Billy incidentally brandishes a gun and points it at Eileen, to which she tells him to go ahead and shoot. Billy, not being able to shoot her, walks out of the room and ultimately kills himself.
Eileen, at first in a state of shock, sits down at her mirror and begins re-applying her makeup, implying that she will again move on with her continuously troubled life.",drama
72,"Dagwood Bumstead is an architect who has managed to convince the prominent bank president Samuel Breckenridge to let his firm have the contract to erect a new bank building in town. When Dagwood’s boss at the architect firm, George Radcliffe, hears about the contract, he is ecstatic and offers Dagwood a modest raise of $2.50.
When Dagwood immediately tell his wife Blondie the good news over the telephone, she mistakes the numbers and believes he has gotten a $250 raise. She tells her friends about the fantastic news, and word gets around that Dagwood has made a fortune on his success.
A class reunion is around the corner and Blondie is in the committee planning the festivities. When the rest of the committee, including bigmouth housewife Cynthia Thompson and Paul Madison, who were Dagwood’s highschool suitor, hears about Dagwood’s fortune, they suggest he pay the bill of $400 for the fancy dinner at the reunion. Blondie has no choice but to accept to defend Dagwood’s honor.
Dagwood panics when he hears what Blondie has promised in his name, and starts a desperate search for money to pay for the dinner he can’t afford. He sees no other alternative than to try to gamble up the money on the horse race track. He talks to a gambling expert named Pete Brody to learn how to bet, but the bank president hears about his keen interest in gambling and cancels the building contract immediately. Dagwood’s boss Radcliffe gets furious when he hears the contract is cancelled, and fires Dagwood on the spot because of this.
Blondie helps out to raise money by making women’s hats, thus contributing with $200 to the bill, but when the day of the reunion dinner arrives, Dagwood is still short the other $200. He goes to an illegal gambling parlor and starts betting. He gets advice from an old lady, but still manages to bet the $200 from Blondie on the wrong horse. Despite this, he has good fortune and the horse wins, but the place is raided by the police. Dagwood helps the old lady escape unnoticed from the place, but is arrested by the police himself.
The reunion dinner starts, and Blondie is present, but Dagwood is still in custody at the police station. He calls for Radcliffe to come and bail him out, but bank president Breckenridge beats him to it, arriving shortly after Radcliffe to the station. In company with Breckenridge is the old lady from the gambling parlor, who turns out to be Mrs. Breckenridge. Grateful for Dagwood's help to avoid a public scandal and humiliation, Breckenridge renews the contract to erect a new bank building with the firm, and as a condition he demands Dagwood be rehired. Dagwood throws in another condition for his own account - that Radcliffe pay for the reunion dinner as well.
Dagwood gets out of jail and arrives to the reunion dinner in time to avoid any suspicion, and is able to pay for the festivities.[2]",comedy
73,"Chick Larkin (Bud Abbott) and Mervyn Milgrim (Lou Costello) both work at the soda counter of a local radio station. Their true passion, however, is to become writers on a radio mystery show. They attend a broadcast of the radio program Murder at Midnight along with one of the writers, Jimmy Turner (Patric Knowles) and the producer, Jane Little (Louise Allbritton).
As the show begins, the network president, Colonel J.R. Andrews (Thomas Gomez), is mysteriously electrocuted. Seeing this as an opportunity to become radio writers, Chick and Mervyn impersonate detectives and attempt to solve the crime.
Meanwhile, Moran (William Gargan) and Branningan (William Bendix), two real detectives, consider the 'fake' detectives to be prime suspects. A chase ensues throughout the studio and other murders are discovered, including that of Dr. Marek (Ludwig Stössel), Andrews' personal physician. Larkin and Milgrim flee the studio before hearing that Milgrim has apparently won $10,000 on the Wheel of Fortune radio program, for which he must return to the studio in order to claim the prize. Larkin and Milgrim return, only to be arrested by the real detectives, whom Turner and Little manage to convince that there should be a full reenactment of the program that led to the murders, under the ruse that the true culprit will be revealed.
An eavesdropping Nazi spy (Don Porter), who uses the radio station to transmit information to his cohorts, attends the broadcast. It turns out that the spy murdered the Colonel and his physician because they found out about his illegal radio transmissions. During the broadcast, he is revealed to be the killer and escapes to the roof, where he is nabbed by Larkin and Milgrim.",comedy
74,"The year is 1989, and the United States continues to be engaged in a Space Race with the Soviet Union.
The two male astronauts currently manning the U.S. weather station on the Moon, Hoffman (Dennis Weaver) and Schmidlap (Howard Morris), are suffering the effects of their long stay in space and need to be relieved, as Schmidlap regularly ties up Hoffman and has even knocked out his two front teeth. The sex-starved Schmidlap sits around drawing lewd pictures of naked women.
Mr. Quonset (Robert Morley), the head of NAWA, is concerned that the situation with Hoffman and Schmidlap threatens to become an embarrassment to NAWA. Furthermore, the Soviets have taken a step forward in the space race by placing the first (unmarried) male/female couple on the Moon. Quonset decides the United States should place the first married couple in space.
With the next NAWA space launch looming, the married astronauts scheduled for the mission (James Brolin, Linda Harrison) split up. Quonset quickly turns to Peter Mattemore (Jerry Lewis) and Eileen Forbes (Connie Stevens), unmarried astronauts who have been at NAWA for years without having flown a mission. Forbes agrees to the marriage on the condition that they be married in name only, and the union is made official as they are rushed up the gantry for their space launch.
When they arrive on the Moon, they receive regular visits from the Russian astronauts, Anna Soblova (Anita Ekberg) and Igor Baklenikov (Dick Shawn), living at the nearby Soviet lunar station. Antics ensue with vodka pill parties and the men preening for their beautiful female companions. The Soviets are suspected of trying to sabotage the American space station, but they are soon vindicated.
Anna tricks Igor into marrying her by declaring she is pregnant, having gotten the idea for this from Eileen. The wedding is broadcast via satellite to the entire planet, with Peter acting as best man and Eileen as Maid of Honor. There is talk of the Soviets having achieved the first baby on the Moon. Mr. Quonset declares his unhappiness that the Soviets have scored this crucial first to Peter and Eileen, insinuating that this is because Peter is less virile than Igor and Eileen less sexy than Anna. Stung by this, Eileen declares she is just as pregnant as Anna, delighting Mr. Quonset. Eileen then tells the startled Peter she's just as pregnant as Anna because Anna isn't pregnant at all, and then suggests they could make her assertion retroactively true. They are just initiating this project as the movie ends.",comedy
75,"Young actor Vikram Jaisingh (Farhan Akhtar) arrives in Mumbai to make it as a Bollywood film star with the help of Abhimanyu (Arjun Mathur), an actor friend from his hometown, and their mutual friend Sameer, who works in a studio props department.
Vikram befriends Abhimanyu's neighbor, young actress Sona Mishra (Konkona Sen Sharma), with whom he eventually becomes romantically involved. Sona, the mistress of small-time producer Satish Chowdhury (Alyy Khan), who for three years has promised her a leading role in his dream project, meanwhile works in regional films and bit parts.
Sona finds out that Satish has secured financing for the new project and meets him expecting him to cast her as second heroine, but he refuses saying that they need a new face and since she has acted in many regional films and other small roles she is no longer a fresh face. She argues that she can act well but he says that is not a major criterion these days in Bollywood. Sona is crying when Satish's wife enters and asks her why she is crying. Sona answers by fabricating a lie about trouble at home to save both her and Satish's embarrassment. Sona while leaving the both of them gives photos of Vikram to Satish who shows it to his wife and who in turn shows them to Romy (Rishi Kapoor).
Vikram is shortlisted for Romy's new movie. Neena (Dimple Kapadia), the mom of Nikki (Isha Sharvani)the actress cast for the movie, was a big film actress in the heyday. She sees Vikram's audition and tries to remember where has she met him before. Vikram had once approached her at a film fraternity party. Vikram is told his audition was for the lead in the film and that Neena has seen his audition. At home, he sees every movie Neena has starred in and he impresses her with his charm and knowledge about her work. Recalling past advice, Vikram successfully boosts a competing actor's ego whose overconfident acting is rejected by the director. Finally, Vikram is selected by Neena, Ranjit (director of the film Sanjay Kapoor) and Romy's wife (Juhi Chawla), despite Romy's desire to cast the other macho, hunky actor.
On set Vikram becomes increasingly crafty and manipulative, while Nikki is smitten by him and sneaks into his room one night while her mother is asleep in an attempt to seduce him. Vikram succumbs to her advances and a secret affair starts between the two; the affair becomes stronger when Neena has to leave the set on business for a few days. Vikram tells Nikki he has no girlfriend. Meanwhile, Sona arrives at the hotel where the cast is staying to surprise Vikram. Her friend who is also working on the film warns her of a blossoming romance between Vikram and Nikki. Since Vikram has stayed in touch with her, Sona doesn't take heed of her friend's warning but discovers the truth when she sees Vikram's unexpectedly cold behavior towards her. Hurt, she leaves the hotel. After coming back, Neena instantly recognizes that something is going on between them and makes them understand that it will be mutually beneficial not to let the press and public know of their intimacy.
Meanwhile, in Mumbai, news of the affair has leaked and a friend of Sona who works at a tabloid is assigned to prepare the article, which describes Vikram as a user who has shot to stardom by manipulating Neena and her daughter Nikki. The article also mentions details of when he was struggling to land a role and Sona's part in his life as the forgotten girlfriend. Neena gets very upset and yells at the magazine editor and tells Nikki to stay away from Vikram. Vikram and Nikki have a fight, and Vikram shows his frustration to Sona as he believes she is the one responsible for the article.
Eventually the film is released and it becomes a hit. Vikram rises to stardom but at the expense of his friends. At a party, he meets his idol Shah Rukh Khan, who advises him to not fall into the trappings of stardom and to always stay close to the people who stood by him when he was a nobody. He tries to get back with Sona, but she points out that he only wants to be with her because he is selfish and feels guilty. She refuses and walks out of his life. Sona soon gets good roles on television and is interviewed by a reporter for her fan following. The film ends with her telling the reporter that she is happy living the life of an independent and somewhat successful actress instead of being upset about not becoming a major movie star.",drama
76,"The story revolves around three cousins, Divya Prakash aka 'Kunju' (Nazriya Nazim), Krishnan P.P. aka 'Kuttan' (Nivin Pauly), and Arjun aka 'Aju' (Dulquer Salmaan), who have shared a close bond since their childhood. Arjun, whose parents are divorced, is a bike mechanic who lives his life on his own terms. Kuttan is a software engineer whose heart and soul is back home in his village. Divya has completed her graduation and aspires to do her Master of Business Administration from Indian Institutes of Management but is compelled to get married to workaholic corporate executive Shivadas aka 'Das' (Fahadh Faasil) because of her parents' astrologer's suggestions. After their wedding, Divya moves to Bangalore as Das is settled there. Kuttan does the same for his job while Arjun joins a biker gang as a mechanic in the same city.
Divya feels emotionally alone as her husband Das continues to ignore her. Her only solace is the time she gets to spend with her cousins Aju and Kuttan. Naive Kuttan, who wanted a traditional, modest, saree-clad girl for a wife, falls in love with an air hostess called Meenakshi (Isha Talwar) on the Bangalore to Kochi flight. They date and Kuttan changes from a reserved and shy person to a trendy person to impress her. But his dreams are shattered when her ex-boyfriend arrives at her flat and he realizes that she was only trying to get back with him. He breaks off his relationship with her.
Divya and Das's personal life keeps falling into despair. After an argument one day, Divya, upon inspecting a room in their apartment that Das never lets anyone enter, is shocked to find it filled with photos, knick-knacks and possessions of a strange girl (Nithya Menon). In horror of not having a place in Das's heart and life, she leaves Das and returns home to Kerala in sorrow, with Kuttan. There they are still pulled into despair as Kuttan's father has abandoned his rich family and gone for a permanent pilgrimage, willing all his wealth and its rights to Kuttan and his sister. Kuttan has to bring his mother to Bangalore, after she convinces him to.
Arjun was a bike racer but due to a foul incident, he is forced to serve a one-year ban from racing. He falls for a radio jockey named Sarah (Parvathy) but when he finally meets her in person, he finds that she is a paraplegic. He begins to like her attitude and also follows her. They became good friends but Arjun is saddened when he learns that Sarah is to leave for Australia on a university scholarship.
Meanwhile, as Divya and Das are in the middle of getting a divorce. Arjun learns that a few years back, Das was a former bike racer. He then went by the name Shiva and was the leader of his biking gang. Shiva had given up on racing after he was involved in an accident that killed his love Natasha Francis (Nithya Menon). Upon knowing what happened, Divya decides to return to Bangalore and takes up her MBA while staying in the same house as Das. She gradually wins over a repentant Das and arranges for him to meet Natasha's parents. After the meeting, Das is able to let go of his past. Divya forgives him and they get their marital life on track.
Kuttan's mom gets to know about the urban Indian culture with her neighbours and after 3 months decides to visit her daughter in Oklahoma, USA.
In the airport, Kuttan and his mom see Meenakshi, who will be an air hostess in Kuttan's mom's flight to London. Meenakshi approaches Kuttan and reveals that her relationship with the old boy friend has broken permanently and she will be waiting for his call. Just seconds after that, Kuttan goes by and talks with her. Though what he says is not revealed, it is clear that he replied in the negative and he tells his mom to board the flight.
Arjun gets a chance to race on the same day that Sarah has to leave for Australia. With Divya, Kuttan, and Das cheering for him, he wins the race. After the race, Arjun realizes how important Sarah is to him and that meeting her changed his life. He asks her not to leave for Australia. Sarah forgoes her scholarship to stay with him in Bangalore. In the end, Kuttan gets married to his neighbour in Bangalore, a foreigner named Michelle (Paris Laxmi), a European Bharathanatyam dancer who has embraced the culture of Kerala. The film ends with Divya, Das, Arjun, and Sarah breaking into their room and all of them posing for a photo.",drama
77,"Henry Dewlip is the heir to his late father's prosperous automobile plant. He lets underlings run things while he indulges in wine, women and song, stringing women along. Julia Jelliwell is the latest woman to have the key to his apartment but there are problems, like her husband. Also the strait-laced Miss Smith, his latest secretary who secretly harbours a crush on him. She manages to spoil things with Julia and then to try to get him to take an interest in his car plant, spoiling a chance for Johnny to sell him a carburetor.
Things fall flat when Henry finds that not only was Miss Smith previously married but she has a baby. This upsets Henry and the butler takes the chance to reinstate the old system that worked so well, so he calls Julia. At a mission for reforming souls, a fight ensues and both Henry and Julia end up in cells. Finally released, he now has a cold.
Later he dictates to Miss Smith in a sharp voice and she says that her husband is dead. She shot him a year previously in Paris. Henry quickly falls out of love with her and goes back to Julia. Henry takes Johnny's carburetor business into his motor business and takes up with Julia. Meanwhile, Johnny has been smitten by Miss Smith.",comedy
78,"In 1985, Bud Fox (Charlie Sheen) is working as a junior stockbroker in New York City at Jackson Steinem & Co. He wants to work with his hero, Gordon Gekko (Michael Douglas), a legendary Wall Street player. After calling Gekko's office 59 days in a row trying to land an appointment, Bud visits Gekko on his birthday with a box of Gekko's favorite, contraband Cuban cigars. Impressed at his sheer boldness, Gekko grants Bud an interview. Bud pitches him stocks, but Gekko is unimpressed. Desperate, Bud provides him some inside information about Bluestar Airlines, which he has learned in a casual conversation from his father, Carl (Martin Sheen), the union leader for the company's maintenance workers. Intrigued, Gekko tells Bud he will think about it, but also that he ""[looks] at a hundred deals a day,"" but ""[chooses] one."" A dejected Bud returns to his office. However, Gekko places an order for Bluestar stock and becomes one of Bud's clients. Gekko gives Bud some capital to manage, but the other stocks Bud selects lose money.
Gekko offers Bud another chance, and tells him to spy on British CEO Sir Lawrence Wildman (Terence Stamp) and discern Wildman's next move. Bud learns that Wildman is making a bid for a steel company. Through Bud's spying, Gekko makes big money, and Wildman is forced to buy Gekko's shares off him to complete his takeover.
Bud becomes wealthy, enjoying Gekko's promised perks, including a penthouse on Manhattan's Upper East Side and a trophy girlfriend, interior decorator Darien (Daryl Hannah). Bud is promoted to a senior stockbroker as a result of the large commission fees he is bringing in from Gekko's trading, and is given a corner office with a view. He continues to maximize inside information and use friends as straw buyers to provide more income for him and Gekko. Unknown to Bud, several of his trades attract the attention of the Securities and Exchange Commission.
Bud pitches a new idea to Gekko: buy Bluestar Airlines and expand the company, with Bud as president, using savings achieved by union concessions and the overfunded pension. Even though Bud is unable to persuade his father to support him and Gekko, he is able to get the unions to push for the deal. Soon afterward, Bud learns that Gekko plans to dissolve the company and sell off Bluestar's assets in order to access cash in the company's pension plan, leaving Carl and the entire Bluestar staff unemployed. Although this would leave Bud a very rich man, he is angered by Gekko's deceit and racked with the guilt of being an accessory to Bluestar's impending destruction, especially after his father suffers a heart attack. Bud resolves to disrupt Gekko's plans, and breaks up with Darien when she refuses to go against Gekko, her former lover.
Bud devises a plan to drive up Bluestar's stock before manipulating it back down. He and the other union presidents then secretly meet with Wildman and arrange for him to buy controlling interest in Bluestar at a significant discount. Gekko, realizing that his stock is plummeting, dumps his remaining interest in the company on Bud's advice. However, when Gekko learns on the evening news that Wildman is buying Bluestar, he realizes that Bud has engineered the entire scheme. Bud triumphantly goes back to work at Jackson Steinem the following day, only to be arrested for insider trading.
Sometime later, Bud confronts Gekko in Central Park. Gekko physically assaults Bud as he berates him for his role with Bluestar and accuses him of ingratitude for several of their illicit trades. Following the confrontation, it is revealed that Bud has turned state's evidence and was wearing a wire to record his encounter with Gekko. He turns the wire tapes over to the authorities, who suggest that he may get a lighter sentence in exchange for helping them make a case against Gekko. Later on, Bud's parents drive him down FDR Drive towards the New York State Supreme Court Building downtown to answer for the crimes he committed under Gekko's influence. Carl tells him he did right in saving the airline. The film ends with Bud going up the steps of the courthouse, knowing that while he is likely going to prison and his career is ruined, he now has a clear conscience.",drama
79,"A couple of bunglers (Jimmy Durante and Jack Pearl) are abandoned in the jungles of Africa by Baron Munchausen. A rescue team mistake Pearl for the missing Baron, and take the two of them back to America where they receive a hero's welcome.
The phony Baron is invited to speak at Cuddle College, run by Dean Primrose (Edna May Oliver). There he falls for Zasu Pitts and meets three crazy janitors (The Three Stooges), and faces exposure as a fraud.",comedy
80,"After serving time in gaol, Lebanese Australian John Morkos returns home. He finds work as a cleaner at a boxing gym, owned by an Aboriginal man. John also meets and begins a relationship with Sydney, an Anglo Australian after saving her from being assaulted by two men. John soon finds that his younger brother, Charlie, has been involved in fights between his Lebanese friends and the white students at school. Fearing that Charlie is going down the path he has been on, John tries to talk some sense into Charlie.
Charlie ignores John's warnings and with his friend Zeus start selling methamphetamines for Ibo, the local drug kingpin. Not long after that, another one of Charlie's friends, Tom, punches a stranger in the head, after playing and losing an arcade game to him. The stranger's friend gets involved in the fight and later on Tom's friends join in. The stranger's friend holds Zeus in a headlock during the fight and while doing so Tom stabs him with a knife and ends up in jail. Meanwhile, John and Sydney's relationship blossoms. At school, tensions between the Lebanese and Anglo boys increase. The Anglos, led by Scott, gang-bash one of the Lebanese boys, breaking his jaw and nose. The rest of the Lebanese boys decide to take revenge on Scott but are persuaded by John not to do anything.
Meanwhile, the relationship between John and Sydney blossoms but ends when Sydney's racist mother threatens to kick her out of the house if she doesn't stop seeing John. The two had a fight with John unwilling to tell Sydney of his past life. The couple soon make up after realising they both made a mistake. John also finds Charlie's stash of drugs and flushes it down the toilet. At a nightclub, Zeus starts a fight with Scott, punches him in the head and ends up shooting and killing him despite Charlie's attempts to dissuade him. Zeus is arrested by the police. Unable to come up with the drug money for Ibo, a drive-by shooting is carried out on the Morkos home by Ibo. John turns to the owner of the boxing gym for the money which he delivers to Ibo, but Charlie is murdered by Ibo with a shotgun when walking home from school. John avenges Charlie's death by savagely beating Ibo, and in the process, nearly killing him. John decides to leave Ibo's fate to Ibo's neighbours, who also hate the drug dealer, and returns home to his family and a pregnant Sydney.",drama
81,"Set and filmed on location in the tenement section of New York's Lower East Side, the film tells the story of a young boy, Tommy Woodry (Bobby Driscoll), who has a habit of crying wolf. Late one night, he climbs up the building fire escape and sees his two seemingly normal neighbors, Mr. and Mrs. Kellerson (Paul Stewart and Ruth Roman), murder a drunken sailor in their apartment. No one – neither the boy's parents nor the police – believes young Tommy when he tells them what he has seen, since they all assume that this is just another of the boy's tall tales.
When Mrs. Woodry (Barbara Hale) takes Tommy to apologize to the Kellersons, he refuses and they become suspicious of him. When Mrs. Woodry leaves to care for a sick relative and Mr. Woodry is away at his night job, the murderous neighbors plan to kill Tommy, who has been locked in his room by his father to prevent further escapades. Under the pretense of going to the police, the Kellersons take Tommy to a dark alley, where they try to kill him. Tommy escapes, but the pair quickly recaptures him, taking him back to their apartment in a taxi. Tommy screams at a policeman for help, but the officer remembers Tommy as the boy who came to the station earlier and failed to convince the police. The Kellersons fool the cab driver by posing as Tommy's parents. Mr. Woodry returns from work to find Tommy missing. Mr. Woodry then asks a police officer for help.
Meanwhile, the Kellersons have Tommy secured in their apartment. Tommy escapes, climbs onto the roof and is pursued by Mr. Kellerson, but Mrs. Kellerson has a change of heart about killing Tommy. The police officer suggests that Tommy went to see his mother, and he and Mr. Woodry leave the tenement. Tommy sees his father leave in his car and shouts for him, the sound of which alerts Mr. Kellerson to Tommy's location. The chase resumes with Tommy finding the body of the dead sailor. The upper building starts to collapse. As Mr. Kellerson is about to grab Tommy, Tommy pulls a rafter aside and Kellerson falls before the rafter collapses and kills him. This time, Tommy screams loud enough for neighbors to hear and they call the police. The boy is rescued and his parents are proud of him.",drama
82,"Penniless Lord Whitebait (Naunton Wayne) plans to save his dwindling fortunes by opening his stately home Whitebait Manor, to the public. But public interest proves minimal, and with rapidly mounting debts and the spiralling costs of his daughter’s upcoming wedding threatening to ruin him, Whitebait is forced to take desperate measures. He and his servant Spankforth (Charles Heslop) plot to stage the theft of a valuable painting from Whitebait Manor, and they are aided in their scheme by Wilfred Sapling (Brian Rix), a plumber.",comedy
83,"Teja (Rahman (actor)) lives with his family, wife-Sita, brother-Shanker (Dharmendra), and a son-Sunder (Randhir Kapoor). The family live happily. Things take a turn for the worse, after death of Sita. Teja wants to re-marry, and he does so. Now his new wife is Sonia (Sonia Sahni), who comes to live with him at his palatial home with her brother, Laxmidas (Jeevan (actor)). They have a devious agenda of taking over Teja's property. Soon after marriage, misunderstandings arise, and Shanker is asked to leave the house. These misunderstandings involve Sunder, who also is asked to leave the house by Teja. He thinks that his brother and son are conspiring against his newly-wedded wife Soniya. after some years, Sunder has grown up to be a conman, and Shanker became a black-marketeer. Both chacha Shankar and bhatija Sunder meet without knowing each other's identity, and a confrontation takes place. When they realize they are relatives, they decide to expose Sonia, and open Teja's eyes, who is completely blinded by Sonia's love, and will not let anyone to come between them.",drama
84,"Gandhi My Father paints the picture of Gandhi's intricate, complex and strained relationship with his son Harilal Gandhi. From the onset, the two had dreams in opposite directions. Harilal's ambition was to study abroad and become a barrister like his father, while Gandhi hoped that his son would join him and fight for his ideals and causes in India.
When Gandhi does not give Harilal the opportunity to study abroad, it comes as a blow to Harilal. He decides to abandon his father’s vision and leaves South Africa for India where he joins his wife Gulab (Bhumika Chawla) and children. He goes back to further his education to earn his diploma but continuously fails and ends in financial ruins. Various plans and schemes decided by him to make money fail, leaving the family in poverty. Sick of his failure, Gulab returns to her parent’s house with the children, where she eventually dies from the flu epidemic. Distraught, Harilal turns to alcohol for solace and converts to Islam, only to re-convert to a different sect of Hinduism later on. With political tension heating up, the rift between Gandhi and his eldest son grows until it is beyond repair. Harilal finds it unbearable to live in the enormous shadow of his father. Gandhi is assassinated before the two can reconcile and Harilal attends his father's funeral virtually as a stranger, almost unrecognizable to those around him. A short while later, he passes away, alone and in poverty, having failed to find his own identity.",drama
85,"In Pontus, the land of the Amazons, the gender roles and natures are completely reversed. Women are the strong sex, thanks to the sacred girdle of the goddess Diana (Roman names are used). It is in the care of queen Hippolyta and her sister Antiope (in the 1932 production played by Katharine Hepburn), the commander of the female armed forces. The men stay at home and take care of the children. Only Sapiens, the new husband of queen Hippolyta, advocates men's rights.
Just like the relationships are reversed, so too are the Greeks for the Amazons a legendary race that probably doesn't exist, instead of the other way around. This is about to change when two Greeks come to court to announce that Hercules needs to get the girdle of Diana to complete his twelve labours. In reality, Hercules may not be much of a threat, but his friend Theseus certainly is. Meanwhile, Sapiens, using his male wiles, is secretly trying to wreck the Amazon's defense from within. Eventually he manages to capture Hercules, and let him escape with the girdle. Without it, the Amazons lose the battle and the gender dynamic shifts to roles matching the social mores of the 1930s.",comedy
86,"The film is a science fiction mockumentary set in an alternate timeline where in the 1950s, human females began reproducing by parthenogenesis. Nine months after a near-Earth object almost hit Earth in 1952, the first fatherless baby is born. Sexual reproduction became rarer and rarer, and the babies born by way of parthenogenesis were all female, so that by the 2010s (when the mock documentary is filmed), the youngest male human on Earth is 37 years old; he is the ostensible subject of the mock documentary.[3][4]",comedy
87,"Gangster Lee Lother (Sidney Blackmer) is shot and killed during an ocean liner cruise, and we're introduced in flashback to the interwoven stories and characters of the suspects: con-man and jewel-thief Jimmy Brett and his accomplice, a wife who bids goodbye to her husband without realizing he'll stowaway to spy on her, the star of the ship's entertainment revue and her brother with gambling debts, and the Inspector who interrupts his vacation to solve the case.
The film's many musical numbers include a Busby Berkeley-like number with chorus girls in geometric patterns filmed from overhead. A song performed by The Boswell Sisters titled ""Rock and Roll"", written by Richard A. Whiting and Sidney Clare, is sometimes credited as the first use of that term in a popular song,[1] although in this case the lyrics referred to the motion of the ocean.[2]",comedy
88,"Hugo Dugay (Alyssa Milano) runs a small company, Hugo Pool, that cleans swimming pools in Los Angeles. The film covers one day in her life, during which she must clean many pools in the midst of a drought that interferes with her usual water supply. In addition to dealing with several eccentric customers, including mobster Chick Chicalini (Richard Lewis) and filmmaker Franz Mazur (Robert Downey Jr.), Hugo must care for her needy parents Minerva (Cathy Moriarty) and Henry (Malcolm McDowell). Also, Hugo may be falling in love with Floyd Gaylen (Patrick Dempsey), a customer of hers who has ALS.",comedy
89,"Errol Flynn stars as Dr. Newell Paige, a surgeon whose refusal to name the real culprit in an operation gone fatally awry results in the ruin of his career. Dismissed from the hospital staff, Paige leaves Massachusetts and travels to Montana to assist a researcher in Rocky Mountain spotted fever, almost dying when he subjects himself to an experimental serum. Anita Louise stars as Phyllis Dexter, his eventual love interest, and Cedric Hardwicke as Dean Harcourt, an Anglican clergyman and radio preacher whose advice Dr. Paige at first dismisses, then later realizes is the truth. The film ends with Paige, returned to his former post and cleared of all charges, and Phyllis seated in the cathedral, listening to Dean Harcourt quoting a Psalm, followed by the St. Luke choristers' amen.",drama
90,"Robin of Locksley (Cary Elwes) is captured during the Crusades and is imprisoned at Khalil Prison in Jerusalem. With the help of fellow inmate Asneeze (Isaac Hayes), who was arrested for jaywalking, he escapes and frees the other inmates. Robin is asked by Asneeze to find his son, Ahchoo (Dave Chappelle, in his first major professional role). Upon returning to England, he finds Ahchoo and discovers that Prince John (Richard Lewis) has assumed control while King Richard is away fighting in the Crusades. Unbeknownst to Richard, the prince is abusing his power. Robin returns to his family home, Loxley Hall, only to find it being repossessed by John's men. His family's blind servant, Blinkin (Mark Blankfield), informs Robin that his family members and pets have all died as well, and the only thing his father left him is a key which opens ""the greatest treasure in all the land.""
Robin recruits the large and ignorant Little John (Eric Allan Kramer), and his friend Will Scarlet O'Hara (Matthew Porretta), to help regain his father's land and oust Prince John from the throne. On his quest, Robin also attracts the attention of Maid Marian (Amy Yasbeck) of Bagelle, who wants to find the man who has the key to her heart (and Everlast chastity belt). They are also joined by Rabbi Tuckman (Mel Brooks), who shares with them his sacramental wine and bargain circumcisions. While Robin is training his band of tights-clad Merry Men, the spoonerism-spouting Sheriff of Rottingham (Roger Rees), hires the Mafioso Don Giovanni (Dom DeLuise, parodying Marlon Brando's performance of Vito Corleone in The Godfather) to assassinate Robin at the Spring Festival (with archery tournament), spoofing a similarly outlandish plot twist from the Costner movie involving Scottish mercenaries. The archer who will carry out the assassination is a parody of Clint Eastwood's Man with No Name character. Maid Marian hears of the evil plot, and sneaks out of her castle to warn Robin, accompanied by her frumpy German Lady-in-Waiting Broomhilde (Megan Cavanagh). The Sheriff and Don expect that Robin will not refuse a chance to participate in the archery tournament due to his pride, and Robin does just that.
At the archery tournament, a disguised Robin makes it to the final round, where he makes his shot but loses to his opponent. Robin calls this situation absurd, takes off his disguise and pulls out a copy of the movie's script to discover that he gets another shot. The Sheriff and Prince John then pull out their own copies and confirm this (much to their annoyance). Giovanni's assassin attempts to kill Robin by shooting at him with a scoped crossbow, but Blinkin catches the arrow in midair. Robin then takes the second shot, this time using a special ""PATRIOT arrow"" and hits the target. After winning the tournament, Robin is arrested. Before Robin is taken away, Marian promises to do the most disgusting thing she can think of in exchange for Robin's safety: marry the Sheriff.
Several hours later, the ceremony commences with the opening prayer in ""The New Latin"" (Pig Latin). The Abbot (Dick Van Patten) quickly and discreetly reveals the Sheriff's unimposing first name, Mervyn. Before Marian can say ""I do"", the castle is attacked by the Men in Tights, led by Little John, Ahchoo, Blinkin, and Will. They quickly free Robin and a battle ensues. Marian is carried off to the tower by the Sheriff, who wants to deflower her but cannot get around the chastity belt without some uncomfortable chafing.
Robin arrives and begins to duel the sheriff, during which Robin's key falls into the lock of Marian's chastity belt, and Robin realises it really is the key to ""the greatest treasure in all the land."" After winning the fight Robin spares the sheriff's life only to miss his sheath and accidentally run the sheriff through. The witch Latrine (Tracey Ullman), Prince John's full-time cook and part-time adviser, saves him by giving him a magical lifesaver in exchange for agreeing to marry her. Before Robin and Marian can ""celebrate"" in her bedroom, Broomhilde arrives, insisting they get married first. Rabbi Tuckman conducts the ceremony, but they are suddenly interrupted by King Richard (Patrick Stewart), recently returned from the Crusades, who insists on sanctioning the marriage with a kiss to the new bride. He orders John to be taken away to the Tower of London and made part of the tour. He also announces that, as the Prince has surrounded his given name with a foul stench, all the toilets in the kingdom are to be renamed ""johns"".
All being as it should be, Robin and Marian are married and Ahchoo is made the new sheriff of Rottingham. When the crowd expresses its disbelief at a black sheriff, Ahchoo reminds them that ""it worked in Blazing Saddles"". When the night comes, Robin and Maid Marian attempt to open the chastity belt only to realise her lock will not open with his key (to her fury and dismay). The film ends with Robin calling for a locksmith.",comedy
91,Adventurous hitchhikers decide to accept every ride they are offered and end up with more than they bargained for.,drama
92,"Hong Yunsheng is a jobless wanderer in Fujian. Attempting to find a better life in the United States, he enters the country as an undocumented worker. While there, however, his American dream quickly falls apart when he and his boss's daughter have a child. He was then told not to visit his son and he is made to sign a paper which is like a contract. He violates that by continuing to visit his son. Enraged, Hong's boss informs the INS and has him deported back to Fujian.
Back home, Hong again takes up his old habits, wandering around the town, unemployed and listless. At the same time, he attempts to find romance with a traveling opera performer, Wu Ruifang. Eventually he hears that the child he fathered in the United States is coming to Fujian. Desiring to see the child he has never known, Hong and his boss argue until eventually Hong takes desperate measures and kidnaps the boy.",drama
93,"Fumiko Hayashi (Hideko Takamine) is a young woman who cannot find a decent job and has been dumped by her boyfriend; she writes on the side. Fumiko’s friends tell her that her writing about her life in poverty is excellent and impressive, but no publishing company will buy her autobiographic novel. She continues working as a bar girl and a factory worker and gets together with another aspiring writer, Fukuchi (Akira Takarada), who has also been struggling to sell his work. Despite the fact that she does all she can for him and cares for him while he suffers from tuberculosis, he abuses her verbally and eventually physically. She walks out of him, returns, and then walks out again. Yasuoka (Daisuke Katō), a warm-hearted and hard-working man, helps Fumiko in every way possible and asks for her hand, but she rejects his proposal—to Fumiko, Yasuoka is more of a friend than a lover. After these struggles, the film ends with her literary success.",drama
94,"Wealthy Rajiv Sinha and middle class Amar Saxena are childhood friends with similar likes. Coincidentally they fall in love with the same girl Seema. Rajiv somehow persuades Amar to marry a girl being brought up badly, Amar is adamant and he marries Sapna. But soon he comes to know it was Rajiv's way of separating him and Seema. They become bitter enemies. Soon Rajiv is charged with killing a girl. Amar, who is now a lawyer decides to teach Rajiv a lesson.",drama
95,"At a midwestern college in 1951, student Mary Crawford has the combined good and bad fortune to meet Andy Schmidt, a remarkably conceited young man who is convinced that he is tremendously talented and has every intention of becoming a star. Andy is so obnoxious, he wants Mary to marry him fast before he becomes too famous to give her a second look. She can't resist him, try as she might. Mary takes her new boyfriend home to Columbus, Ohio, to meet her strait-laced parents. Andy proceeds to annoy them in every possible way, hugging them, calling them ""Tom and Mom,"" interrupting dinner to do a series of impressions, thoroughly ruining the visit.
""Oh, God, why him?"" Mary rhetorically asks. Nevertheless, she elopes to a justice of the peace, marries Andy and moves with him to New York City, where he is certain Broadway or the movies will beckon within a matter of weeks. Half a year passes and Andy gets nowhere. His ego isn't bruised and he remains his same insufferable self. Mary takes an office job to support them. She gets pregnant and still loves her husband, but her parents are terribly worried for Mary and she has to ask them for money because Andy isn't making any.
Andy does manage to make a friend, Milton Miller, a little person with a big ego. Milton might not look like a ladies' man, but he definitely is, as he tries to prove to everybody, even Mary's mom. Milton is a struggling actor himself. He points out to Andy a way to make a few bucks: ""I wrestle sometimes."" Out of inspiration or desperation, Andy tries his hand at a new occupation: professional wrestling. He doesn't have the build for it, but by behaving and dressing in the manner of a Gorgeous George-type, he creates a character known as ""The Lover"" who drives both opponents and audiences crazy. At last, Andy has thousands of fans, even if they're not the kind he had in mind.",comedy
96,"The movie is about the love between a Tamil man, Vasu (Kamal Haasan), and a North Indian woman, Sapna (Rati Agnihotri), who are neighbours in Goa. They come from totally different backgrounds and can hardly speak the other's language. Their parents despise each other and they have regular skirmishes. When Vasu and Sapna admit their love, there is chaos in their homes, and their parents reject the idea.
As a ploy to separate the lovers, their parents impose a condition that Vasu and Sapna should stay away from each other for a year. After such a period, if they still want to be together, they can get married. During the year there should be no contact between them whatsoever. Vasu and Sapna reluctantly agree to the condition and decide to separate.
Vasu moves to Hyderabad, and they both initially suffer due to the separation. Vasu then meets Sandhya (Madhavi), a widow who teaches him Hindi. Meanwhile, Sapna's mother brings a family friend's son, Chakram (Rakesh Bedi), to Goa to distract Sapna from to Vasu, but she is not impressed. At a chance meeting in Mangalore, Chakram lies to Vasu that Sapna has agreed to marry him. Vasu is upset and decides to marry Sandhya on the rebound. However, Sandhya comes to know of Vasu's real love and goes to Goa to know the exact situation and to clear the misunderstanding between the lovers.
Vasu then returns to Goa and impresses Sapna's parents with his Hindi. When Vasu goes to meet Sapna he is attacked by a group of goons hired by Sandhya's brother (Raza Murad). Meanwhile, Sapna is raped by a librarian (Sunil Thapa) at a temple and is left to die. The movie ends tragically when Vasu and Sapna commit suicide by jumping off a cliff.",drama
97,"In a prologue, pompous film director Eric Von Leppe (Paul Bartel) is shooting a skydiving sequence for low-budget Miracle Pictures in which an actress is killed. Candy Wednesday (Candice Rialson) arrives in Los Angeles to make it as an actor. She gets an agent, Walter Paisley (Dick Miller), but struggles to find work until she inadvertently gets involved in a bank robbery as a getaway driver. This gets her a job for Miracle Pictures as a stunt driver. She meets Eric Von Leppe, temperamental starlet Mary McQueen (Mary Woronov), sleazy producer PG (Roger Doran) and friendly scriptwriter, Pat (Jeffrey Kramer). Candy and Pat fall in love and she starts to get work as an actor, becoming friends with fellow starlets Bobbi (Rita George) and Jill (Tara Strohmeier).
Everyone goes to the Philippines to make a movie, Machete Maidens of Mora Tau, starring Candy, Mary, Bobbi and Jill. Candy has to play a character who is raped which upsets her. Later on during the shoot, Jill, Bobbi and PG have a threesome. During the filming of a battle sequence, Jill is shot dead by an unseen attacker.
Back in the US, Candy, Walter and Pat all go to see Machete Maidens at a local drive in, where the projectionist tries to rape Candy but she is rescued by Walter. While shooting a chase scene in a science fiction film, Mary, Candy and Bobbi are almost killed in a car accident. Bobbi is called back to the studio late at night and is stabbed to death.
Candy begins to suspect Patrick is the killer. But it turns out the real culprit is Mary. She tries to kill Candy at the Hollywood Sign but it falls on her and crushes her to death. Candy is reunited with Pat and becomes a film star.",comedy
98,"Dr Richard Hare is a recently graduated medical intern at St Swithins Hospital. When his new romantic interest, nurse Sally Nightingale, suddenly leaves the hospital, he is devastated. He also leaves after being offered a job in private practice. But when his senior partner, Dr Cardew, has to visit California for a few months, Hare is left in charge. Dr Nicola Barrington joins the practice and Hare is suddenly in love again.
The romance doesn't go well, especially when Sally re-appears and takes the job of practice secretary. Nicola is hurt and stalks off. She is replaced by Dr Tony Burke who proceeds to airily order expensive equipment that the practice cannot afford.
Hare struggles through various comedic and other complications, mainly steming from Burke's amorous attentions to female patients.
After enlisting Sir Lancelot Spratt's assistance to save a young dying boy, he diagnoses Spratt with appendicitis and decides to operate, despite Spratt's loud objections. He objects even more when Dr Burke fills in at the last moment as the anaesthetist. Despite Spratt's vociforous protestations, the operation is a success.
Hare in reunited with Nicola and returns to St Swithins.[2]",comedy
99,"On a brief trip back to London, earnest, bookish bacteriologist Walter Fane (Edward Norton) is dazzled by Kitty Garstin (Naomi Watts), a vain London socialite. He proposes; she accepts (""only to get as far away from [her] mother as possible""), and the couple honeymoon in Venice. They travel on to Walter's medical post in Shanghai, where he is stationed in a government lab studying infectious diseases. They find themselves ill-suited, with Kitty much more interested in parties and the social life of the British expatriates.
Kitty meets Charles Townsend (Liev Schreiber), a married British vice consul, and the two engage in a clandestine affair. When Walter discovers his wife's infidelity, he seeks to punish her by threatening to divorce her on the grounds of adultery, if she doesn't accompany him to a small village in a remote area of China. He has volunteered to treat victims of an unchecked cholera epidemic sweeping through the area. Kitty begs to be allowed to divorce him quietly, but he refuses, stating ""Why should I put myself through the smallest trouble for you?"" She hopes Townsend will leave his wife Dorothy and marry her. When she proposes this possibility to Charles, he declines to accept, despite earlier claiming to love Kitty.
She is compelled to travel to the mountainous inland region with her husband. They embark upon an arduous, two-week-long overland journey, which would be considerably faster and much easier if they traveled by river, but Walter is determined to make Kitty as unhappy and uncomfortable as possible. Upon their arrival in Mei-tan-fu, she is distressed to discover they will be living in near-squalor, far removed from everyone except their cheerful neighbor Waddington, a British deputy commissioner living with Wan Xi (Lu Yan), a young Chinese woman, in relative opulence.
Walter and Kitty barely speak to each other and, except for a cook and a Chinese soldier assigned to guard her, she is alone for long hours. After visiting an orphanage run by a group of French nuns, Kitty volunteers her services, and she is assigned to work in the music room. She is surprised to learn from the Mother Superior that her husband loves children, especially babies. In this setting, she begins to see him in a new light as she learns what a selfless and caring person he can be. When he sees her with the children, he in turn realizes she is not the shallow, selfish person he thought her to be. As Walter's anger and Kitty's unhappiness subside, their marriage begins to blossom in the midst of the epidemic crisis. She soon learns she is pregnant, but is unsure who the father is. Walter – in love with Kitty again – assures her it doesn't matter.
The cholera epidemic takes many victims. As Walter and the locals are starting to get it under control, due to his importation of clean water through a system of aqueducts (as the local people did not understand water-borne infectious disease[3][better source needed]) cholera-carrying refugees from elsewhere pour into the area, forcing Walter to set up a camp outside town. He contracts the disease and Kitty lovingly nurses him, but he dies, and she is devastated. Bereft and pregnant, she leaves China.
Five years later, Kitty appears well-dressed and happy in London shopping with her young son Walter. They meet Townsend by chance on the street, and he suggests that Kitty meet with him. Asking young Walter his age, he realizes from the reply that he might be the boy's father. Kitty rejects his overtures and walks away. When her son asks who Townsend is, she replies ""No one important, darling"".",drama
100,"The first half of the film is set at Benedict Boys Home. Jesse Tucker (Jamie Walters) and his four friends live and toil with other guys under strict guidance of Eugene who has a lovely daughter Sara (Heather Graham). They have a music teacher Jack Cabe (John Travolta) who is into rock and roll and teaches them the same, much to the irritation of Eugene who wants to fire him but let him after a warning, Jack then tells them to somehow arrange a radio and listen to the show Midnight Rider. Jesse bets with the guys that he would have sex with Sara, but instead falls in love with her.
They go to the club where they see people enjoying rock n roll to the hilt and Jesse gets inspired and gives an impressive performance on stage. Jack Cabe gets into an altercation with the town sheriff, who is miffed with the wayward ways of his and decides to find the truth about his past.
At school Jesse and his friends come in touch with the girls while attending a lecture on the polluting effects of modern music and television. One of the guys who is attracted to Sara tells her about the bet. After her initial anger she is won over by Jesse by his honest demeanor and truth.
Jack Cabe is discovered to be a murderer on the run and flees on seeing cops at his place. Jesse steals Eugene's car and goes to Jack where he confides about an accidental murder that happened defending his colored friend in a club where they were invited to give Rock 'N' Roll performance. Jesse asks him to stop running, but Jack asks him to shut up and turns him away.
Jesse returns to the boys home. He does all he can to survive there, including Sara to keep himself out of trouble with her dad.
At a fair where Benedict's Boys band was asked to play, they begin with usual music, but on seeing Jack surrendering, Jesse mans up and starts playing rock n roll much to the delight of young people who respond immediately and dance while inviting disapproving gestures from elders. The last scene where Eugene is shown unsuccessfully trying to stop the band while his daughter rises up with joy ready to resume her relationship with Jesse.",drama
101,"U.S. Army private Jerry Walker is in hot water with his sweetheart, Winnie Porter, for putting off their wedding, and with his superiors on the base after crashing a Jeep.
To raise money to pay for the damages and avoid six months of guard duty, Jerry accepts a $300 proposal from three matronly women, Cornelia, Nancy and Maggie, to arrange dates for them with young soldiers. Jerry ropes his pals Barney and Frankie into it, then scrambles when they try to squirm out of it.
Winnie, meantime, figures out Jerry is up to something. She shows up with the girlfriends of Barney and Frankie, after which everybody takes turns trying to make the others jealous. Jerry finally flees, only to end up hooked by a German submarine. He ends up in the brig, but it's a year later and Winnie, now his wife, comes to visit along with their baby.",comedy
102,"In this philosophical coming-of-age film, an aging Julius Caesar takes possession of the Egyptian capital city of Alexandria, and tries to resolve a feud between young Princess Cleopatra and her younger brother Ptolemy. During the resulting sometimes-murderous court intrigues, Caesar develops a special relationship with Cleopatra, and teaches her how to use her royal power.",drama
103,"The film begins in September 1939 shortly before World War II begins. Alf Garnett, a dockyard worker, and his wife Else have been married for only a few weeks, and are already weary of one another. Alf gets called up for military duty but is turned down because he's in a reserved occupation. The film depicts their lives during the London Blitz. Else eventually gets pregnant to Alf and Else's shock, and they have a baby daughter, Rita, in 1942. The war ends in 1945 with a huge street party and Alf, characteristically, gets drunk.
Midway through the film it advances from the end of World War II to the 1966 General Election. Rita is now a young woman and engaged to Mike Rawlins, a long-haired layabout from Liverpool. Alf dislikes him because of his support for the Labour Party. Mike and Rita marry in a Catholic church, further angering Alf. At the wedding supper he fights with Mike's family. But Alf and Mike grow a bit closer, attending the 1966 World Cup final together.
The film ends in 1968 with the family moving to a new tower block in Essex after their East End neighbourhood street is demolished.",comedy
104,"On June 27, 1976, four terrorists belonging to a splinter group of the Popular Front for the Liberation of Palestine under the orders of Wadie Haddad boarded and hijacked an Air France Airbus A300 in Athens, Greece.
With the permission of President Idi Amin (Julius Harris), the terrorists divert the airliner and its hostages to Entebbe Airport in Uganda. [Note 2] After identifying Israeli passengers, the non-Jewish passengers are freed while a series of demands are made, including the release of 40 Palestinian militants held in Israel, in exchange for the hostages.
The Cabinet of Israel, led by Prime Minister Yitzhak Rabin (Anthony Hopkins), unwilling to give in to terrorist demands, plans a top-secret military raid. This commando operation, military code name: ""Operation Thunderbolt"", will be carried out over 2,500 miles (4,000 km) from home and will take place on the Jewish Sabbath.
While still negotiating with the terrorists, who now numbered seven individuals, the Israeli military prepared two Lockheed C-130 Hercules transports for the raid. The transports refuelled in Kenya before landing at Entebbe Airport under the cover of darkness. The commandos led by Brigadier General Dan Shomron (Harris Yulin) had to contend with a large armed Ugandan military detachment and used a ruse to overcome the defenses. A black Mercedes limousine had been carried on board and was used to fool sentries that it was the official car which President Amin used on an impromptu visit to the airport.
Nearly complete surprise was achieved but a firefight resulted, ending with all seven terrorists and 45 Ugandan soldiers killed. The hostages were gathered together and most were quickly put on the idling C-130 aircraft. During the raid, one commando (the breach unit commander Yonatan Netanyahu (Richard Dreyfuss), brother of future Prime Minister Benjamin Netanyahu), and three of the hostages, died. [Note 3]
With 102 hostages aboard and on their way to freedom, a group of Israeli commandos remained behind to destroy the Ugandan Air Force MiG-17 and MiG-21 fighters to prevent a retaliation. All the survivors of the attack force then joined in flying back to Israel via Nairobi and Sharm El Sheikh.",drama
105,"Judge Hardy (Lewis Stone) has been appointed chairman of a special committee in Washington, DC. The Judge's daughter Marian (Cecilia Parker) is intoxicated by Washington's social life, while son Andy (Mickey Rooney) falls for a pretty daughter of a French diplomat. Thus, the judge is obliged to juggle his committee duties with his efforts to keep his children from making fools of themselves.[2]",comedy
106,"A father and his son Aleksei live together in a roof-top apartment in an unidentified seaside city. The Father is a veteran and Aleksei attends military school to study medicine. They have lived alone for years in their own private world. Sometimes they seem like brothers. Sometimes even like lovers. Despite knowing that all sons must one day live their own lives, Aleksei is conflicted. The father knows he should accept a better job in another city, perhaps search for a new wife.
The film begins by showing The Father comforting his son Aleksei, who just has a nightmare. Following in his father's path, Aleksei attends military school. He likes sports, tends to be irresponsible and has problems with his girlfriend, who is jealous of Aleksei's close relationship with his father. Eventually she breaks up with him. During the weekend, Fyodor comes visiting the Father, who served with his own father in the army, to investigate the mysterious disappearance of the latter. Fyodor revealed to Aleksei that he also visited the previous night, but The Father did not tell Aleksei about it. Aleksei showed Fyodor around the city and went for a tram ride, and Fyodor decides to go to the train station alone and parts with Aleksei. Afterward, Aleksei goes visiting his ex-girlfriend at her place, telling her that he had a dream about them having a baby together. The film ends with The Father being alone on the rooftop covered with snow.",drama
107,"The story begins at a prison work site where Boots ""Bootsie"" McGaffey attempts to help his old friend, Alvie Gibbs, escape by causing a diversion and getting away in a crudely disguised vehicle. Surprisingly, Bootsie's efforts were unnecessary, as Alvie was scheduled for parole later that same week. The two friends roam the area, searching for food and shelter while continuing to evade the police.
Meanwhile, in the wealthy part of town, a six-year-old girl, named Savannah Driscoll, is feeling lonely and unwanted by her affluent parents. Her father Richard is a candidate for the United States Senate and is more concerned with his public image than he is with his daughter. Feeling sad and motivated by an old episode of Our Gang, Savannah decides to run away during a trip to the park with her aunt and cousin, and leaves a note before she flees. Unfortunately, a gust of wind blows her note under her parents' bed, out of view.
Meanwhile, Alvie and Bootsie arrive at that park in an old vehicle they stole earlier. While the children play hide-and-go-seek, Savannah decides to hide in the backseat of the car, and Alvie and Boosty unknowingly drive off with her. After a run-in with a police officer, they pretend she is Bootsy's niece. They attempt to return her to the park, but she doesn't want to leave, and they decide to care for her in the meantime.
After learning Savannah is missing, Richard and his wife Joan contact the authorities. Believing Savannah was kidnapped, they also hire a private detective, Harland Dobbs. The police officers soon piece together evidence and eyewitness testimony and conclude that Savannah was kidnapped. However, the eyewitnesses feel Savannah was not actually kidnapped, given the genuine surprise shown by Alvie and Bootsie. Joan is hesitant to go along with the kidnapping theory and disagrees with how to proceed. While wanting to appear tough on crime for the benefit of his Senatorial campaign, Richard agrees to follow Dobbs' strategy.
The following day, after reading a newspaper article, Alvie discovers Savannah's identity and the $100,000 reward for her safe return. As he and Bootsie are fugitives, he is unsure how they can retrieve the reward. In the meantime, they do their best to take care of Savannah and entertain her. Alvie attempts to make a deal with a waitress/singer he meets at a local bar, to turn in Savannah and split the reward. She turns him down but befriends Alvie in the process.
Over the next few days, Alvie and Bootsie grow closer to Savannah, and she is happy to have them in her life. They play games, tell stories, and even go on a picnic together. While getting ice cream, Alvie gives Savannah a free puppy. As Alvie continues to plan to get the reward money, Bootsie begins to have second thoughts and would rather just give Savannah back without the reward. On the way back to their hideout, they are spotted by local police officers, who notify Dobbs. Dobbs, along with a team of officers, surround the hideout and attempt to capture Alvie and Bootsie. After an errant shot by one of the officers, Alvie realizes what is happening, and he and Bootsie take Savannah hostage in order to escape. Before they can leave, they are approached by the Driscoll Family priest, Father O'Hara, who tries to be the peacemaker. Not wanting to make peace just yet, Alvie orders Father O'Hara to accompany them on their escape. Father O'Hara goes along to assure Savannah's safety, under the condition that he be dropped off at a nearby wedding ceremony he is scheduled to perform. The group uses the wedding to continue their getaway, by switching vehicles and escaping during the post-wedding procession. They are successful, and proceed to the resort area previously visited during their picnic day.
While at home waiting to hear from the alleged kidnappers, Richard is handed the note Savannah had left behind, which her nanny has found. Not wanting to create confusion or change his stance, Richard burns the note and instructs the nanny to keep that information between the two of them. He takes a call from Father O'Hara, notifying them of the fugitives' whereabouts. Richard notifies Dobbs and his team, then goes to the resort area with Joan. Once arriving at the resort, Alvie and Father O'Hara travel down the mountain to meet the Driscolls, to negotiate Savannah's safe return. Richard assures Alvie they will not press charges so long as Savannah is returned. Alvie declines the reward money he originally sought and agrees to the terms. He and Father O'Hara proceed back up the mountain. Meanwhile, Bootsie and Savannah are waiting atop the mountain. After a while, Savannah takes her new puppy for a walk, but he gets away from her, and she ends up disappearing into the woods . Alvie and Father O'Hara arrive, and along with Bootsie, discover Savannah is missing. Father O'Hara urges Alvie and Bootsie to leave while a clean getaway is still possible, but they refuse and begin a search for Savannah instead. Dobbs and his team arrive at the site and surround the area. They easily capture Bootsie, then wait for Alvie who is still searching for Savannah. The Driscolls, too, arrive. Alvie finds Savannah, but then sees the officers have him surrounded. Before turning himself in, he wants to say good-bye to Savannah. He explains to her that their time together is over, and although they had fun, they need to go back home. Joan, against Richard's wishes, rushes to meet with Alvie and Savannah as they approach. Father O'Hara shows his support and escorts Alvie into the custody of the officers. Disgusted with the turn of events, Joan decides to take Savannah back home on her own and leave Richard. Alvie and Bootsie are arrested, but are happy Savannah is back home, safe. They feel fortunate to have spent time with a little girl who changed their lives for the better.",comedy
108,"The pirate Yellowbeard (Chapman) is incarcerated for 20 years for tax evasion. He survives the sentence but has not disclosed the whereabouts of his vast treasure. The Royal Navy hatches a plot to increase his sentence by 140 years, knowing that he will escape to set out for his treasure. He does so, recruiting a motley crew of companions. He had left a map of the treasure in the chimney of his wife's pub, but she burned it. She then tells Yellowbeard that she had the map tattooed on their son's head. Things go wrong when his traitorous former bosun Mr. Moon (Boyle) takes over the ship. With the Head of the British Secret Service (Idle) hot on their trail, they eventually find the island, where the terrible despot ""El Nebuloso"" and his majordomo ""El Segundo"" (Cheech and Chong) have taken residence with the treasure, and the battle for the prize commences.",comedy
109,"This film is a false documentary about a fictional, top-secret Soviet Intercosmos mission based in East Germany. Two ships are sent out to set up both an industrial colony on Saturn's moon Titan and a recreational colony on Jupiter's moon Ganymede. The film covers the background of the mission, as well as several radio conversations between the leaders of the two separate colonizing missions, the female Seagull and the male Falcon, who are implied to be in a romantic relationship. Besides colonizing the two moons, part of the mission is also to set up an archive of Socialist culture within the vacuum of space. For reasons not explained within the film, the mission fails, and all records of it are either destroyed or hidden away. However, the last scene reveals Seagull and Falcon to be still alive, as they converse about other failed secret Soviet space missions, most of which resulted in the demise of the entire crew.",drama
110,"A down on his luck, former Green Beret captain, freshly discharged from the Vietnam War, drifts into Drury, Kansas. There he finds a derelict merry-go-round that he decides to restore. The people of the town have mixed reactions: some support his efforts while others hinder them. Among his supporters are two local business men: a hardware store owner and Mike, a gas station proprietor. Both men supply employment to the veteran as well as parts and tools for his endeavor.
Another helpful character is a young local girl, who watches the reconstruction efforts from afar, and scampers off when she is seen. The girl provides a tool box and some food. Detractors of the veteran's efforts include a band of local teenagers. The protagonist is also harassed by the town's sheriff.
When the town's ruffians vandalize the half-restored carousel, the soldier redoubles his efforts. By this time he has found, to his displeasure, that Mike's favorite pastime is to officiate the weekly cock fights, and the two have a falling-out. Mike refuses to make good on a promise of a much needed part for the carousel, unless the soldier agrees to fight a dog. The soldier reluctantly agrees to the fight during which he kills the dog. After installing the last piece that completes the carousel's restoration, he lays the dog's body inside it, starts it up and walks away, while the townspeople look on.",drama
111,"Dave Anderson (Cosby) and Manny Durrell (Poitier) are two high-class sneak thieves who have never been caught. Joshua Burke (Jones) is a retired detective who has enough evidence on the both of them to put them behind bars. Instead, he offers to maintain his silence if the crooks will go straight and do work at a youth center for delinquents. At first, the crooks are reluctant and unwilling (and so are the kids). As time goes by they gain the trust and admiration of the kids and they start to enjoy the job. All goes well until a past heist comes back to haunt them and they have to make up for it or else.",comedy
112,"Newspaper reporter ""Scoops"" (Brown) is sent out on assignment, to investigate the failed assassination attempts on Archduke Julio (Harry Davenport).
Trying to get the story, he runs into Jane Hamilton (Helen Mack) who is really Princess Helen. He doesn't realize that she is the story: a princess in exile, in danger of assassination; and, falling in love with ""Scoops"", while engaged to a prince.
The film ends with a wild chase and a shootout with machine guns. The question is, who will survive to tell the tale?",comedy
113,"Detroit, Michigan, 1963: Bob Ivanovich, a young son of Ukrainian-American[3][4] parents, prays one night for a circus in his backyard the next day after school. After school the next day, he runs home eagerly, followed by his friends. To his disappointment, no circus awaits. Angrily, Bob retreats to the closet in his room, his personal retreat space.
Bob has shunned his Ukrainian-born parents for their immigrant ways and decided to move away from his family in Detroit.[4] Thirty years later, Bob Jones (Keaton) now runs a Los Angeles public relations firm. He is happily married to Gail (Kidman), who is pregnant with their first child. Bob is horrified to learn that he has been diagnosed with a terminal form of kidney cancer and might not live to see their baby born.
Bob begins to make home movies, to immortalize himself, to be shown after his death to his son, so he'll know who his father was, showing him how to cook spaghetti, how to drive, etc. He also begins to visit a Chinese healer named Mr. Ho (Dr. Haing S. Ngor), who urges him to listen to his heart, which is calling him to forgive, and that life is always giving him invitations if he would just listen. At his wife's urging, they fly to his hometown of Detroit to attend a traditional Ukrainian wedding of his brother Paul (Whitford). While in the area, Bob visits his childhood home. Also while there, they attempt to mend fences with his estranged family, which does not go well. Bob criticizes his brother for not moving to California like he did, and his father (Constantine) resents Bob's moving thousands of miles away and changing his name.
Bob returns to California with a heavy heart, sadly saying to his wife, ""This is my last trip home."" During a visit with Mr. Ho, he advises Bob to go into his heart ""soon."" Bob teaches his son by camera how to shave, play basketball, and start a car by jumper cable. He also confronts a childhood fear by finally riding a formidable roller coaster. During the ride, a young companion urges him to let go of the railing as the descent begins, but Bob firmly holds on. (A metaphor of his fear of letting go of life.) He is living on borrowed time—beyond the date the doctors gave him, as he says to his wife after getting off the coaster, ""Today is D-Day. Death Day. I was supposed to be dead by today.""
Gail's contractions increase, and soon she is in the hospital, to give birth to their baby. Bob and Gail have a happy time with their newborn, but soon Bob's condition worsens, now that the cancer has reached his brain. Hospice care is arranged for Bob. Bob makes a final visit to Mr. Ho, and asks him what the light is he keeps seeing. Mr. Ho replies it is ""the life of the self"" and urges him to get his ""house in order (life and personal affairs).""
A hospice nurse, Theresa (Queen Latifah), moves in to help, but Bob is sinking fast. Bob and Gail finally call his family to inform them of what's going on. Bob's family comes west for the first time to visit. Bob makes peace with his family at last. Bob's childhood wish is finally granted by a circus in the backyard.
As his father shaves him, Bob shows that he has at last made peace by telling his father he loves him. Bob finally comes to terms with his life as he dies peacefully, surrounded by the loving, supportive bosom of his family. Next is shown Bob on a metaphysical roller coaster, this time letting go of the railing, raising his arms freely in the air this time, metaphorically letting go of life, and finally enjoying the ride of life. Bob rides toward a beautiful, shining, ethereal light (presumably heaven). A year later, his son and wife watch him on video, as she reads Dr. Seuss's Green Eggs and Ham to him.",drama
114,"On a rainy day in London, England, private investigator Benjamin Browning (Chevy Chase) accepts a ride from his friend, Freddie (Alan Sues), who is an erratic driver. As Freddie drops Benjamin near his office, the investigator collides on the street with writer Jackie Howard (Jane Seymour). When Benjamin asks her for a date, she tells him to contact her upon her return from Paris, France. Back at his office, Benjamin’s secretary, Margaret (Barbara Leigh-Hunt), leaves for lunch, and a stranger named Quimby Charles (Richard Vernon), claiming to be a member of Parliament, proposes to hire Benjamin as a bodyguard for a friend, Mrs. Patricia Elliot (Marguerite Corriveau). Benjamin is reluctant, but Quimby offers a lot of money. Benjamin accepts the assignment and goes to visit Patricia at her flat, where he discovers the door unlocked. As he searches the residence, decorated with artwork, he discovers Patricia dead on the bedroom floor, bleeding from a knife wound. Suddenly, an intruder fatally stabs Benjamin, steals Patricia’s gold pendant and leaves.
In the afterlife, Benjamin awakens at an “intermediate destination evaluation facility,” where a counselor named Mr. Higgins (Stuart Germain) informs Benjamin of his death. Before Benjamin can enter heaven or hell, he must complete an assessment assignment that requires him to return to life to solve his own murder. Seeing a front-page newspaper story about the crime, Benjamin realizes that a man impersonated Quimby. Soon, Benjamin learns, much to his chagrin, that he will return to life in a dog’s body. Benjamin, as Browning the dog, lands in Paris and hitches a ride in Jackie’s car.
In London, he searches for his killer, and is thrown out of Carlton Court, the building where he was murdered. Behind the hotel, Benjamin converses with Freddie, who has been reincarnated as a cat after being killed in a car accident. Freddie directs him to Patricia’s flat, where he wanders around, searching for clues, while Malcolm Bart (Omar Sharif), the man who pretended to be Quimby, watches from a closet. Browning notices a telephone number in Patricia’s calendar, marked on the day before he died. Using a pencil to dial a rotary phone, Browning discovers the phone number is the Needham Gallery. Soon, Browning sees Jackie in a conversation with the building manager. When the manager threatens to notify Scotland Yard about the dog, Browning disappears. As Margaret cleans out Benjamin’s office, Browning appears. Jackie arrives, wanting to interview Margaret about the crime for a book she is writing. Margaret shows Jackie a photograph of Benjamin; and the writer realizes that she met him the day he was killed. Meanwhile, Jackie mentions that she lives at the Stanley Towers, and later, Browning follows her there. Still later, Jackie interviews Quimby at Scotland Yard, who insists on access to her research, which he hopes will clear his name as a suspect. Soon, Jackie visits the Needham Gallery, and leaves Browning in her parked car. There, she meets Montanero, an artist whose work Patricia often used in her interior design work, and Jackie invites him to her flat for dinner. Jackie is introduced to Alistair Becket (John Stride), an up-and-coming candidate for prime minister, who shows great interest in her book. Browning searches the gallery, and soon sees Jackie talking to Bart, the killer. At the sight of the dog on Jackie’s lap, Bart becomes leery and leaves. Browning wiggles free from Jackie’s grasp and follows Bart.
Later, Jackie asks for Patricia’s client list, but her building manager refuses. Later still, Jackie interviews Becket, and asks his help to gain access to Patricia’s flat. He then summons Bart, his assistant. While the men talk with Jackie, a painting of the Swiss Alps hanging in Becket’s office reminds Browning that Patricia vacationed there, and he suspects a connection. Later in Patricia’s flat, Browning sees Bart remove evidence. Suddenly, Mr. Higgins appears, and temporarily switches the dog back to his human form to warn him that a mistake was made. His dog body will expire sooner than expected, and he will have to leave before he solves his murder. Benjamin protests, and says he will not leave before the crime is solved.
Meanwhile, Becket alerts Jackie that her dog was found by building security, and is being held in Bart’s office. Browning sees a calendar entry on Bart’s desk, noting Becket’s birthday and a street address. When Jackie notices the entry, she wishes Becket a happy birthday. However, he says that his birthday is 3 March not October, and casually invites her to lunch. Soon, Browning investigates the address, which is a post office, and decides to search postal box no. thirty-three, based on the numerals of Becket’s birthday. Browning grabs a letter out of the box and escapes. At Jackie’s apartment, Browning rips open the envelope to find Patricia’s pendant with the word “ALP” stamped on the back. Upon realizing the letters stand for “Alistair loves Patricia,” Browning searches Jackie’s police photographs and notices that Patricia was no longer wearing the pendent. He deduces that Patricia became a political liability for the married Becket once he intended to run for prime minister, and she became engaged to his rival, Quimby. Therefore, Becket and Bart schemed to get rid of her. Browning grabs the pendent in his mouth and heads to Jackie’s lunch. However, Bart chases him until Browning runs into an alley. There, Browning transforms into human form, and Mr. Higgins appears, saying Benjamin’s time on Earth is over. Bart is shaken to see Benjamin, and leaves after the dog is nowhere to be found.
Meanwhile, Benjamin will not cooperate with Higgins, and shows up at the restaurant as Browning with the pendant in his mouth. Becket grabs the pendant away from Jackie, and accuses her of derailing his plan to become prime minister. Browning turns on Jackie’s tape recorder just as Becket confesses his love for Patricia. When Jackie accuses Becket of murder, Bart appears and confesses to the crime. After twelve years preparing Becket to become prime minister, Bart did not want Patricia to ruin their political ambitions. Bart is arrested when he tries to shoot Browning but hits Jackie instead as she shields the dog from harm. Although, Browning is dejected over Jackie’s death, he is overjoyed to be reunited with her when she returns to Earth as a cat.",comedy
115,"In 17th Century France, Cardinal Richelieu is influencing Louis XIII in an attempt to gain further power. He convinces Louis that the fortifications of cities throughout France should be demolished to prevent Protestants from uprising. Louis agrees, but forbids Richelieu from carrying out demolitions in the town of Loudun, having made a promise to its Governor not to damage the town.
Meanwhile, in Loudun, the Governor has died, leaving control of the city to Urbain Grandier, a dissolute and proud but popular and well-regarded priest. He is having an affair with a relative of Father Canon Jean Mignon, another priest in the town; Grandier is, however, unaware that the neurotic, hunchbacked Sister Jeanne des Anges (a victim of severe scoliosis who happens to be abbess of the local Ursuline convent), is sexually obsessed with him. Sister Jeanne asks for Grandier to become the convent's new confessor. Grandier secretly marries another woman, Madeleine De Brou, but news of this reaches Sister Jeanne, driving her to jealous insanity. When Madeleine returns a book by Ursuline foundress Angela Merici that Sister Jeanne had earlier lent her, the abbess viciously attacks her with accusations of being a ""fornicator"" and ""sacrilegious bitch,"" among other things.
Baron Jean de Laubardemont arrives with orders to demolish the city, overriding Grandier's orders to stop. Grandier summons the town's soldiers and forces Laubardemont to back down pending the arrival of an order for the demolition from King Louis. Grandier departs Loudun to visit the King. In the meantime, Sister Jeanne is informed by Father Mignon that he is to be their new confessor. She informs him of Grandier's marriage and affairs, and also inadvertently accuses Grandier of witchcraft and of possessing her, information that Mignon relays to Laubardemont. In the process, the information is pared down to just the claim that Grandier has bewitched the convent and has dealt with the Devil. With Grandier away from Loudon, Laubardemont and Mignon decide to find evidence against him.
Laubardemont summons the lunatic inquisitor Father Pierre Barre, a ""professional witch-hunter,"" whose interrogations actually involve depraved acts of ""exorcism"", including the forced administration of enemas to his victims. Sister Jeanne claims that Grandier has bewitched her, and the other nuns do the same. A public exorcism erupts in the town, in which the nuns remove their clothes and enter a state of ""religious"" frenzy. Duke Henri de Condé (actually King Louis in disguise) arrives, claiming to be carrying a holy relic which can exorcise the ""devils"" possessing the nuns. Father Barre then proceeds to use the relic in ""exorcising"" the nuns, who then appear as though they have been cured – until Condé/Louis reveals the case allegedly containing the relic to be empty. Despite proof to the contrary, both the possessions and the exorcisms continue unabated, eventually descending into a massive orgy in the church in which the disrobed nuns remove the crucifix from above the high altar and sexually assault it.
In the midst of the chaos, Grandier and Madeleine return and are immediately arrested. After being given a ridiculous show trial, Grandier is shaven and tortured – although at his execution, he eventually manages to convince Mignon that he is innocent. The judges, clearly under orders from Laubardemont, sentence Grandier to death by burning at the stake. Laubardemont has also obtained permission to destroy the city's fortifications. Despite pressure on Grandier to confess to the trumped-up charges, he refuses, and is then taken to be burnt at the stake. His executioner promises to strangle him rather than let him suffer the agonising death by fire that he would otherwise experience, but the overzealous Barre starts the fire himself, and Mignon, now visibly panic-stricken about the possibility of Grandier's innocence, pulls the noose tight before it can be used to strangle the priest. As Grandier burns, Laubardemont gives the order for explosive charges to be set off and the city walls are blown up, causing the revelling townspeople to flee.
After the execution, Barre leaves Loudun to continue his witch-hunting activities elsewhere in the southwest of France. Laubardemont informs Sister Jeanne that Mignon has been put away in an asylum for claiming that Grandier was innocent (the explanation given is that he is demented), and that ""with no signed confession to prove otherwise, everyone has the same opinion"". He gives her Grandier's charred femur and leaves. Sister Jeanne, now completely broken, masturbates pathetically with the bone. Madeleine, having been released, is seen walking over the rubble of Loudun's walls and away from the ruined city as the film ends.",drama
116,"Meteorology student Pavel ""Pasha"" Danilov (Grigoriy Dobrygin) is spending the summer as an intern at an isolated, Soviet-era weather station on a remote Arctic island with only the older, experienced geophysicist Sergei Gulybin (Sergei Puskepalis) for company. Their sole job is to collect the weather and tide statistics every four hours on antiquated equipment, which they do in shifts, and report the readings by radio to the state meteorology center. Pasha is respectful and friendly, but he is afraid of the gruff Sergei, who is condescending to him, as he resents Pasha's temporary stay and is jealous that he knows how to operate their only computer.
Sergei takes the boat on an unauthorized fishing trip for a few days, and tells him not to mention this. When the radio operator urgently requests to speak with Sergei, Pasha dutifully makes up excuses why he cannot come on the radio. Eventually Pasha is told to take down a radiogram that Sergei's wife and young son have been ""gravely injured"" in an accident, although it is apparent they've been killed. He is told that a ship is headed to get them and instructed to simply give Sergei the message and then ""leave him alone."" The sad news keeps Pasha awake, but when he does sleep he oversleeps; the data goes unrecorded. Seeing Sergei's boat, he hastily grabs the logbook to fill in fake numbers, and in doing so knocks his radiogram under the desk. When Sergei comes ashore with the trout, he is in a good mood. He tells Pasha a warm story about his wife craving salted trout during her pregnancy. Pasha starts to say something, but Sergei interrupts and teaches him how to properly fillet a fish.
Once inside, Sergei quickly figures out that the Pasha made up the numbers in the log and explodes in anger, dragging Pasha inside and berating him. He tells him that the station has been continuously occupied since 1935, and that no matter how bad the conditions got, never had anyone just faked the numbers out of sheer laziness, and that now all their work is worthless. He accuses Pasha of being a ""tourist"" in the Arctic in order to write a pointless essay, ""How I Ended This Summer"" (a play on the clichéd ""How I Spent My Summer Vacation."") Sergei tells him an intimidating story about the time one geophysicist apparently killed the other due to their strained relationship.
The frightened Pasha does not tell Sergei about his family and temporarily sabotages the radio. When Sergei leaves to get more trout, Pasha is told that the ship is stuck in ice, but that a helicopter will instead come before the weather worsens. Pasha, carrying a rifle, heads to the lagoon to meet the helicopter, but the pilot cannot see the flares due to the heavy fog and flies away. Pasha then notices a polar bear, which begins to chase him. He runs away but eventually trips and falls down a steep embankment.
Pasha wakes up in Sergei's boat. As they disembark, Pasha tries to confess to Sergei that he needs to tell him something but Sergei ignores him. Pasha finally blurts out to Sergei that his family is dead. Sergei turns around and comes toward him, and Pasha, frightened and with an injured leg, falls to the ground. Thinking Sergei is going to attack him, Pasha fires at him but misses. He then gets up and runs away while Sergei picks up his gun and fires at him, and then keeps shooting into the air.
Pasha takes up residence in an old abandoned cabin. He wakes up to hear Sergei outside and hides, still afraid. Sergei calls to him and says he wants to talk to him. Sergei, who is carrying his rifle, hears Pasha step on something that makes a large cracking sound. Thinking Pasha fired at him, he fires his own rifle. The terrified Pasha runs away.
Pasha, freezing, huddles by an old isotope beacon to keep warm before realizing he has exposed himself to radiation. He sneaks into the cabin when Sergei is away and tries to contact the main station for help but cannot reach anyone. Starving, he steals Sergei's fish and nearly chokes to death on a fishbone. He screams and curses Sergei. He hangs fish up on the isotope beacon; he later sneaks back into the cabin and replaces Sergei's stash of fish with the contaminated fish.
One night Sergei sees the disheveled Pasha looking in the cabin window watching him eat the fish. He signals to Pasha to come inside, and then invites him to sit down and have some fish. He says the Academic made it through the ice after all and will be there in three days. Pasha confesses that the fish has been contaminated. Sergei says nothing, but goes to vomit up the fish he has just eaten. Pasha checks the cupboard and sees Sergei has eaten all of the contaminated fish. Sergei returns and says only that they don't have to tell anyone what has happened.
The Academic arrives and Sergei tells Pasha he plans to stay on the island. Pasha threatens to tell what has happened to force Sergei to get medical help. Sergei insists he needs to be there alone and embraces Pasha.[2]",drama
117,"Anthony Farrant (York) is a naive 1930s businessman who pays a visit to Germany on the way home from a business trip, and falls under the politically dubious spell of charismatic financier Erich Krogh (Finch). While Anthony was taught to value fairness and decency, in Erich's world opportunism, corruption, and decadence hold sway.",drama
118,"Set in Casablanca shortly after World War II, escaped Nazi war criminal Heinrich Stubel (Sig Ruman) has steadily murdered three different managers of the Hotel Casablanca. Disguised as a Count Pfferman, Stubel's goal is to reclaim the stolen art treasures that he has hidden in the hotel. However, the only way he can do this undetected is by murdering the hotel's managers and running the hotel himself.
The newest manager of Hotel Casablanca is former motel proprietor Ronald Kornblow (Groucho), who is very much unaware that he has been hired because no one else will dare take the position. Inept Kornblow takes charge of the hotel, and eventually crosses paths with Corbaccio (Chico), owner of the Yellow Camel company, who appoints himself as Kornblow's bodyguard, aided and abetted by Stubel's valet Rusty (Harpo). In his many efforts to murder Kornblow, Stubel sends beautiful Beatrice Reiner (Lisette Verea) to romance the clueless manager.
Before Stubel can make his escape to the airfield with the loot, Kornblow, his friends, and Miss Reiner invade his hotel room and sneak from suitcase to closet and back again to unpack his bags, which serves to drive him thoroughly mad. Arrested on false charges, Kornblow, Corbaccio and Rusty eventually crash Stubel's plane into a police station where the brothers expose Stubel as an escaped Nazi.",comedy
119,"Shankar Prasad, nicknamed ""Shankar Dada"" (literally ""Brother Shankar"") is a bhai or gunda: a crime don in Hyderabad. Given that his father had wished him to be a medical doctor, he creates the faux Sri Satya Prasad Charitable Hospital (named after his father) and pretends to live in accordance with this wish whenever his father (Girish Karnad) and mother (Venniradai Nirmala) visit him in Hyderabad.
One year, however, Shankar's plan goes awry when his father meets an old acquaintance, Dr. Ramalingeswara Rao (Paresh Rawal) and the two older men decide to marry Shankar to Ramalingeswara Rao's daughter, Dr. Sunitha ""Chitti"" (Sonali Bendre). At this point the truth about Shankar is revealed. Ramalingeswara Rao insults Shankar's parents and calls them ""fools"" for being ignorant of Shankar's real life. Shankar's father and mother, aghast and later heartbroken, leave for their village. Shankar, in grief and despair, decides that the only way to redeem himself and to gain revenge for the humiliation suffered by his father at the hands of the spiteful Ramalingeswara Rao is to become a doctor. He decides to go to a medical college to obtain an M.B.B.S. degree, the graduate medical degree in South Asia.
With the help of his right-hand man A.T.M. (Srikanth) and others, Shankar ""gains admission"" to the Osmania College of Medical Sciences, where he again encounters Dr. Ramalingeswara Rao, who is the dean. His success there becomes dependent upon the (coerced) help of faculty member Dr. Mohammad Rafi (Surya). While Shankar Dada's skills as a medical doctor are minimal, he transforms those around him with the ""Jantar Mantar"" (Heartful Hug) — a method of comfort taught to Shankar by his mother — and the compassion he shows towards those in need. Despite the school's emphasis on mechanical, Cartesian, impersonal, often bureaucratic relationships between doctors and patients, Shankar constantly seeks to impose a more empathetic, almost holistic, regimen. To this end, he defies all convention by treating a brain-dead child called ""Sriram"" (Vaishnav Tej) as if the kid were able to perceive and understand normally; interacts on familiar but autocratic terms with patients; humiliates school bullies; effusively thanks a hitherto-underappreciated janitor; and encourages the patients themselves to make changes in their lives, so that they do not need drugs or surgery.
Dr. Ramalingeswara Rao, who perceives all this as symptoms of chaos, is unable to prevent it from expanding and gaining ground at his college. He becomes increasingly irrational, almost to the point of insanity. Repeatedly, this near-dementia is shown when he receives unwelcome tidings and he begins laughing in a way that implies that he has gone mad. This behavior is explained early on as an attempt to practice laughter therapy, an attempt that seems to have backfired — Ramalingeswara Rao's laughing serves more to convey his anger than diffuse it. Meanwhile, his daughter becomes increasingly fond of Shankar, who in his turn becomes unreservedly infatuated with her. Some comedy appears here, because Shankar is unaware that Dr. Sunitha and his childhood friend ""Chitti"" are one and the same; an ignorance that Sunitha hilariously exploits. Ramalingeswara Rao tries several times to expel Shankar but is often thwarted by Shankar's wit or the affection with which the others at the college regard Shankar, having gained superior self-esteem by his methods.
Eventually, Shankar is shamed into leaving the college: His guilt for not being able to help a dying friend gets the better of him. In the moments immediately following Shankar's departure, Sriram miraculously awakens from his vegetative state; at this point Sunitha gives a heartfelt speech wherein she criticizes her father for having banished Shankar, saying that to do so is to banish hope, compassion, love, and happiness, etc. from the college. Ramalingeswara Rao eventually realizes his folly. Shankar later marries Dr. Sunitha, learning for the first time that she is ""Chitti"". Finally his parents Reconcile and now, Shankar Prasad is Shankar Dada M.B.B.S..",comedy
120,"After the collapse of his massive Qintex business empire, Christopher Skase flees to the Spanish Island of Majorca, leaving angry creditors high and dry. Enter Peter Dellasandro, a fast-talking con man and failed entrepreneur who sees the ""Chase For Skase"" as a potential gold mine. Dellasandro convinces the Creditors Board that he's the only man with the ability and recklessness to undertake the task demanded by his country: the kidnapping of Christopher Skase. But not everyone is convinced, especially Danny D'Amato, the fiery son of the Creditors Chairman. Suspicious of Dellasandro, the two form an uneasy alliance as Dellasandro sets out to recruit the ego-centric TV host Eric Carney into his scheme, until seasoned mercenary Mitch Vendieks warns Dellasandro that Carney is planning a kidnap plot of his own. Determined to beat Carney to the punch, Dellasandro and Danny join forces with Mitch to form their own team, recruiting the inept Sean Knight, mendacious getaway driver Dave Phibbs and cynical intelligence ace Rupert Wingate, who soon discovers that Skase is devising a deadly scheme to resurrect his business empire across Europe. With time running out, Dellasandro and the boys head for Majorca and track Skase to his sprawling mansion, confronting the devious businessman. The team is outnumbered by Skase's Security Guards and thus cannot manage to kidnap him. However, they make out with several computer discs which contain sensitive documents revealing Skase's plan to ""bust out"" Qintex. The information at hand is enough evidence for the Australian Government to make compensation payments to the Qintex Creditors Boardmembers.",comedy
121,"Financial wizard ""Doc"" Fletcher (Michael Caine) persuades his boss, American mobster Joe Fiore (Martin Balsam), to buy up a Swiss bank in order to more easily launder their ill-gotten gains. The impoverished Italian Prince Gianfranco di Siracusa (Louis Jourdan) agrees to act as chairman of the board in order to give it an air of respectability. ""Doc"" goes to Lugano, a major center of banking activity, along with the Don's wayward son Albert (Jay Leno), only to find that the best bank that the Prince could get consists of some shabby offices above a pizza restaurant with assets of $900.
To make up for this, the Prince suggests that they invest in a silver mine recently discovered in Iran by his distant cousins, Agha Firdausi (David Warner) and his sister Shireen (Stéphane Audran). The mine contains hundreds of millions of dollars' worth of untapped silver. The Firdausis wish to keep it a secret due to the heavy taxes and the threat of the mine being nationalised by the government. Through a little wheeler-dealing, ""Doc"" manages to obtain $5 million in Iranian rials from Agha — as security for a loan of $20 million — and uses the money to obtain better banking premises and put on a major show that attracts powerful investors.
Before long the Firdausi silver is flooding the market which leads to a drop in its value at the London Metal Exchange. Charlie Cook (Charles Gray), a leading figure in the silver business and one of the richest men in the world, decides that the best way to stop the downward plunge is to take over the bank responsible and thus close down the mine. He contacts Henry Foreman (Joss Ackland), president of the First National Bank of California, who is keen on branching into Europe. Foreman sends one of his accountants, Donald Luckman (Tom Smothers), to Lugano where he meets ""Doc"" and his associates. His questions and evasive attitude makes them suspicious and to find out more ""Doc"" approaches and seduces Donald's fun-loving but bored and neglected wife Debbie (Cybill Shepherd).
In the course of their affair, Debbie casually reveals in conversation all about Cook's interest in the mine and the bank. Donald, unaware of what is going on, returns and offers up to $60 million for the bank (which is really worth only about a sixth of the amount). ""Doc"" will have none of it since it means losing everything he has ever worked for, but Albert and Joe Fiore, who actually owns the bank, jump at the opportunity. ""Doc"" goes to Las Vegas and, through a subtle threat, manages to get Joe to give him time to make a bid of his own.
""Doc"" and the Prince join the Firdausis at their warehouse in Dubai which is full to the brim with silver bars from the mine. When they tell him that they cannot lend him $60 million to buy the bank, ""Doc"" threatens to call in the earlier loan of $20 million and seize the mine. It's at this point that Agha and Shireen drop a bombshell on their two friends: there is no silver mine!
The Firdausis are in fact smugglers who have obtained all their silver from India. The silver mine was just a cover, a means of obtaining the money needed for their operation. ""Doc"" faces a terrible dilemma: if he tells Charlie Cook that the mine does not exist the deal will collapse and ""Doc"" will be killed (literally) by Joe Fiore; but if he does not tell Cook, the deal will go through and ""Doc"" will lose the bank.
The deal does go through with Foreman and Donald Luckman sealing it with ""Doc"" and Albert Fiore. In his report on the purchase of the bank Donald has left out all mention of the silver mine, as per the instructions of Foreman and Cook, who was keen to keep it secret, and put the bank's main assets down as ""oil storage tanks"". Foreman then goes to Cook and demands an exorbitant amount for the silver mine only to be told that it does not exist and that he will thus not be refunded the $60 million used to buy the bank.
Foreman can recoup $50 million in insurance since the purchase report mentions non-existent ""oil storage tanks"", thus making a case for fraud. ""Doc"" offers to give Foreman an additional $10 million which he will get from Cook who, in return, will obtain exclusive purchasing rights to the Firdausi silver. In exchange, Foreman gives ""Doc"" the bank — which was really only worth $10 million in the first place. Donald then reveals that for the insurance claim to be valid there will have to be a criminal prosecution and a scapegoat will be needed in order to go to prison. The others agree, deciding that it should be the one who falsified the report — meaning Donald himself!
Some time later, back in Lugano, the Prince marries Shireen Firdausi, even though he was one of those whom she conned into believing in the existence of the mine. Agha does not attend the wedding and Shireen admits that he was in fact an actor she hired since she doubted if a bank would loan $20 million to a woman. ""Doc"" for his part comes across Debbie who has been attending Donald's trial for fraud. She has promised to get a place near the jail in order to be close to him and indicates, with a smile, that ""Doc's"" house is conveniently near the prison itself.",comedy
122,"The film is set in 1969 Morrison, Alabama. The Caldwell family includes three World War II veterans—brothers played by Thornton, Bacon and Patrick—their sister Donna (LaNasa), and a patriarch, Jim Caldwell (Duvall), who is a World War I veteran. The Caldwells are involved in a cultural clash with the Bedfords, a family which includes Phillip (Stevenson), a World War II veteran, his sister Camilla (O'Connor), and their father Kingsley (Hurt), also a World War I veteran.
The Bedfords are a London family who, as is revealed in the film, are in the Caldwell hometown for the funeral of Kingsley's wife, who is the ex-wife of Jim Caldwell and the mother of Caldwell's children. Duvall described the film in an interview as ""putting Tennessee Williams in the back seat"".[9]
The film's title refers to the automobile in which movie star Jayne Mansfield was supposedly decapitated in 1967. When a nearby town has a side show displaying the vehicle, Jim Caldwell takes Kingsley Bedford along to gawk at the grisly artifact.",drama
123,"This film is about the lives and travails of people living around a fictitious traffic signal in Mumbai. Anybody who drives in Mumbai has experienced the 2-odd minute wait at a traffic signal.
The traffic signal includes a microcosm of people who derive their daily livelihoods from it. There are beggars (kids and adults), prostitutes, tricksters, eunuchs and others who sell clothes, flowers and trinkets. They speak quickly, act fast and operate somewhat honourably (with each other) to eke a meager living out of the harsh Mumbai street life. They owe allegiance and hafta (weekly ""protection"" fee) to the signal manager, Silsila (Kunal Khemu).
Silsila grew up at the signal. He ran various trades there before he became the manager. He is an ideal manager: sensitive and caring of his workers yet ruthless when it comes to delivery. Silsila reports into a mid-level don, Jaffar, who in turn reports to the big boss Haji bhaijaan.
Life is well at the signal. A gentle girl, Rani (Neetu Chandra), arrives at the signal to sell ethnic clothes. The initial fireworks blossom into deeper companionship with Silsila. Everything proceeds normally.
Unbeknownst to Silsila, Haji bhaijaan is part of a larger nexus of evil that comprises politicians and the larger Mafia. Haji must play a dangerous game where he is forced to invoke the unwitting pawn, Silsila, to start a series of events that could ultimately destroy the traffic signal. Silsila is unaware of the larger consequences as he carries out his orders without question. But reality dawns on him when he is apprehended in a case of murder, extortion and bribery where he was hardly aware of things.
The signal faces destruction. Silsila's world, and all the people who grew up with it, face extinction. Silsila is forced to make a choice between his life and his world. As his life moves from Green to Red, he may only hope that the signal moves from Red to Green.",drama
124,"The movie is set in London in 1914, on the eve of World War I (and the year Chaplin made his first film). Calvero (Charles Chaplin), once a famous stage clown but now a washed-up drunk, saves a young dancer, Thereza ""Terry"" Ambrose (Claire Bloom), from suicide. Nursing her back to health, Calvero helps Terry regain her self-esteem and resume her dancing career. In doing so he regains his own self-confidence, but his attempts to make a comeback meet with failure. Terry says she wants to marry Calvero despite their age difference, although she has befriended Neville (Sydney Earl Chaplin), a young composer Calvero believes would be better suited to her. In order to give them a chance, Calvero leaves home and becomes a street entertainer. Terry, now starring in her own show, eventually finds Calvero and persuades him to return to the stage for a benefit concert. Reunited with an old partner (Buster Keaton), Calvero gives a triumphant comeback performance. He suffers a heart attack during a routine, however, and dies in the wings while watching Terry, the second act on the bill, dance on stage.",comedy
125,"Growing Up Smith is a coming-of-age story of Smith, a 10-year-old boy from India growing up in small-town America in 1979.
As the boy's family tries to straddle the fine line between embracing the American Dream and preserving their Indian heritage, the awkward little hero sneaks out for a taste of Kentucky Fried Chicken (even though his family is vegetarian), dons a Saturday Night Fever costume, and contends with his parents as they send him to school with a yellow squash instead of a pumpkin to carve for Halloween.
And as Smith falls head-over-heels in love with Amy, the girl-next-door, he finds in Amy's father Butch the all-American cowboy he wishes his own father could be. But alas, when Smith goes on a hunting adventure with Butch, Smith's father Bhaaskar fears Smith will lose any hope of remaining a respectable Indian boy and banishes him back to India. Nineteen years later Smith will return to America, back to a place he once called home.
Movie ends with Smith heading to Amy's place to meet her after his return.",comedy
126,"A real estate con artist named Stan Minton (Rob Schneider) panics when he learns that he is going to prison for fraud. Stan's fear of jail-house rape leads him to hire the mysterious guru known as ""The Master"" (David Carradine) who helps transform him into a creative martial-arts expert. During his incarceration, Stan uses his new-found skills to intimidate his fellow prisoners and prevents the prisoners from hitting or raping each other.
He gains the prisoners' respect, and eventually becomes their leader, bringing peace and harmony to the prison yard. But the corrupt warden has a plan to profit by turning the prison into a war zone, forcing its closure, and selling off the property as valuable real estate. Stan helps him with the real estate aspects in exchange for early parole, however his peacemaking efforts threaten the warden's plan for a riot and he is persuaded to bring back violence.
In a last minute attack of conscience he deliberately blows the parole hearing to rush back and prevent the deaths of his fellow inmates, only to discover that his message of peace has sunk in and the prisoners are dancing instead of fighting. The warden orders the guards to open fire on the dancing men and, when they refuse, grabs a gun and shoots wildly. He attempts to shoot Minton but he is stopped by Minton's wife and the Master, who had snuck in. Three years later Minton leaves the prison, which is now run by one of the more sympathetic guards as the original warden is now an inmate, to be met outside by his wife, his young daughter, and the Master.",comedy
127,"In 1933 France, Christine (Richardson) is the maid of a well-to-do middle-aged widow (Julie Walters) and her teenage daughter (Sophie Thursfield). Her younger sister, Lea (May) is hired on the recommendation of Christine. The two sisters become increasingly alienated from their employer, separated by barriers between the classes. With only each other to turn to and Christine experiencing much jealousy as to her sister's interest in anyone else, the relationship becomes sexual, adding to the tension between the sisters and their employer. The tension ultimately leads to paranoia, repressed rage and murder.",drama
128,"In 1890, American Frank Hopkins (Viggo Mortensen) and his mustang, Hidalgo, are part of Buffalo Bill's Wild West show, where they are advertised as ""the world's greatest endurance horse and rider."" Hopkins had been a famous long-distance rider, a cowboy, and a dispatch rider for the United States government; in the latter capacity he carried a message to the U.S. 7th Cavalry Regiment authorizing the Wounded Knee Massacre of Lakota Sioux.
Wealthy Sheikh Riyadh (Omar Sharif) has sent his attaché Aziz (Adam Alexi-Malle), accompanied by Rau Rasmussen (Victor Talmadge), to ask the show to either stop using the phrase ""the world's greatest endurance horse and rider"" or allow Hopkins and Hidalgo to prove themselves by entering into the ""Ocean of Fire"": an annual 3,000-mile race across the Najd desert region. The Sheikh is custodian of the al-Khamsa line, considered to be the greatest distance horses in the world, and traditionally the race has been restricted to pure-bred Arabian horses and Bedouin or Arab riders.
In addition to the grueling conditions, prevailing animosity and contempt for a Christian ""infidel"" and “impure” horse, horse and rider face stiff competition, including the wealthy and unscrupulous British horse breeder Lady Anne Davenport (Louise Lombard).
To complicate matters, Sheikh Riyadh has promised his daughter Jazira (Zuleikha Robinson), his only surviving child, in marriage to the rider of his horse, should he win. She hopes to prevent this by giving Hopkins advice and information to help him win, thereby resulting in greater danger for them both. Sheikh Riyadh's outcast brigand nephew, who will stop at nothing to gain control of the al-Khamsa line, raids the race camp, kidnaps Jazira, and threatens to kill her unless he gets his uncle's prize stallion racer as her ransom. Hopkins manages to rescue Jazira. However, Davenport and the Sheikh's nephew try to sabotage the race by eliminating the rival riders, but are thwarted when Hopkins kills the nephew.
For Hopkins the Ocean of Fire becomes not only a matter of pride, honor and survival, but of identity: it emerges that his father was European American while his mother was Lakota Sioux. The Lakota call him “Blue Child” or “Far Rider.” As a half-breed he feels sympathy and pity for his mother's people, but does not generally reveal his heritage, especially after the Wounded Knee massacre, for which he feels partly responsible. Jazira compares his relation to his heritage to her desire to avoid wearing the veil, saying that he mustn't ""go through life hiding what God made you....like me.""
Nearing the end of the race, Hidalgo is severely injured and Hopkins is dying of thirst. He considers shooting Hidalgo to end his suffering, but is unable to bring himself to do it. Kneeling, he chants a prayer to Wakan Tanka as a possible death song, and images of Lakota elders and his mother appear before him before Hidalgo suddenly struggles up, and Hopkins rides bareback to come from behind to win the race. Hopkins wins the respect and admiration of the Arabs, and becomes friends with the Sheikh, giving him his revolver as a gift. As he bids farewell to an unveiled Jazira, she asks him if he is fulfilling the traditional Western tales' ending where the cowboy rides away into the setting sun and calls him Blue Child as she smiles kindly at him and turns to go.
Returning to the United States, Hopkins uses his winnings to buy a herd of mustangs that by government order are about to be culled to force Native Americans to convert to farming. Hopkins has the horses released and frees Hidalgo to join them in the wild. The epilogue states that Hopkins went on to reportedly win 400 long-distance races and was an outspoken supporter for wild mustangs until his death in 1951, while Hidalgo's descendants live free in the wild in and around Oklahoma.",drama
129,"Isabel Archer, originally from Albany, New York, is invited by her maternal aunt, Lydia Touchett, to visit Lydia's rich husband, Daniel, at his estate near London, following the death of Isabel's father. There, Isabel meets her uncle, her friendly invalid cousin Ralph Touchett, and the Touchetts' robust neighbour, Lord Warburton.
Isabel later declines Warburton's sudden proposal of marriage. She also rejects the hand of Caspar Goodwood, the charismatic son and heir of a wealthy Boston mill owner. Although Isabel is drawn to Caspar, her commitment to her independence precludes such a marriage, which she feels would demand the sacrifice of her freedom.
The elder Touchett grows ill and, at the request of his son, leaves much of his estate to Isabel upon his death. With her large legacy, Isabel travels the Continent and meets an American expatriate, Gilbert Osmond, in Florence. Although Isabel had previously rejected both Warburton and Goodwood, she accepts Osmond's proposal of marriage, unaware that it has been actively promoted by the accomplished but untrustworthy Madame Merle, another American expatriate, whom Isabel had met at the Touchetts' estate.
Isabel and Osmond settle in Rome, but their marriage rapidly sours due to Osmond's overwhelming egotism and lack of genuine affection for his wife. Isabel grows fond of Pansy, Osmond's presumed daughter by his first marriage, and wants to grant her wish to marry Edward Rosier, a young art collector.
The snobbish Osmond would prefer that Pansy accept the proposal of Warburton, who had previously proposed to Isabel. Isabel suspects, however, that Warburton may just be feigning interest in Pansy to get close to Isabel again, and the conflict creates even more strain within the unhappy marriage.
Isabel then learns that Ralph is dying at his estate in England and prepares to go to him for his final hours, but Osmond selfishly opposes this plan. Meanwhile, Isabel learns from her sister-in-law that Pansy is actually the daughter of Madame Merle, who had had an adulterous relationship with Osmond for several years.
Isabel pays a final visit to Pansy, who desperately begs her to return someday, which Isabel reluctantly promises to do. She then leaves, without telling her spiteful husband, to comfort the dying Ralph in England, where she remains until his death.
Goodwood encounters her at Ralph's estate, and begs her to leave Osmond and come away with him. He passionately embraces and kisses her, but Isabel flees. Goodwood seeks her out the next day but is told she has set off again for Rome.
The ending is ambiguous, and the reader is left to imagine whether Isabel returned to Osmond to suffer out her marriage in noble tragedy (perhaps for Pansy's sake), or she is going to rescue Pansy and leave Osmond.",drama
130,"Helen Chernen (Ida Lupino) is an ambitious woman, determined to once and for all become rich. She pushes her younger sister Katie (Joan Leslie) into a marriage with singer/dancer Albert Runkel (Jack Carson). Katie has no interest in the man, but is desperate to leave the poor conditions she and her sister live in, a dirty steel town. Runkel's partner Paul Collins (Dennis Morgan) sees what Helen's real intentions are and tries to stop her from breaking Runkel's heart.
Now living in wealthier surroundings, Helen tries to make a start of Katie's career. She is able to put her on a Broadway play. Katie soon becomes a successful singer and actress, while Collins and Runkel's act flounders. Runkel can't bear the idea of his wife having more success than himself. Also annoyed with Helen's efforts to destroy his marriage, he eventually kills himself.
Meanwhile, Katie's popularity rises to her head and she becomes a wild party girl. Her behavior eventually costs her her career. They later meet up with Paul, who is now a successful band leader. He falls in love with Katie and they start a relationship. However, things get complicated when Helen reveals she is in love with him as well.",drama
131,"As a child Juan Gallardo (Rex Downing – young boy) wants only to become a bullfighter like his dead father. One night he has an argument with the pompous critic Natalio Curro (Laird Cregar) about his father's lack of talent in the bullring. The argument spurs Juan to travel to Madrid and achieve his dreams of success in the bullring. Before leaving he promises his aristocratic sweetheart Carmen Espinosa (Linda Darnell) he will return when he is a success and marry her.
Ten years later Juan Gallardo (Tyrone Power) returns to Seville. He has become a matador and uses his winnings from Madrid to help his impoverished family. He sets his mother (Alla Nazimova) up in a fine house and ends her existence as a scrubwoman. He lavishes money on his sister Encarnacion (Lynn Bari) and her fiancé Antonio (William Montague) so they can open a business and wed. He hires ex-bullfighter Garabato (J. Carrol Naish), who has become a beggar, as his servant. Best of all he is now able to marry his childhood sweetheart Carmen (Linda Darnell) as he had promised.
Juan's wealth and fame continue to grow along with his talents as a bullfighter. Eventually he becomes Spain's most famous and acclaimed matador. Even the once scornful critic Curro now lavishes praises upon Juan and brags that it was he who discovered Juan's talent. Although Juan remains illiterate, doors open to society and he catches the eye of sultry socialite Doña Sol des Muire (Rita Hayworth) at one of his bullfights. His mother attempts to warn Juan that if not careful he will, like his father, end up on a path to destruction but Juan refuses to believe her.
Juan is blinded by the attention his fame has brought and Doña Sol finds it easy to lead him astray. He soon begins to neglect his wife, family and training in favor of her privileged and decadent lifestyle. His performance in the bullring suffers from his excesses and he soon falls from his great heights as the premiere matador of Spain. With the loss of fame comes rejection by everyone who was once important to him. Even Carmen casts him off after she learns of his affair. With his fame now gone Doña Sol moves on to new up and coming matador Manolo de Palma (Anthony Quinn), Juan's childhood friend.
After losing everything a repentant Juan begs for forgiveness and is taken back by Carmen. He vows to change but first he must have one final bullfight to prove he is still a great matador. His prayers for one last success, however, are not answered and like his father before him he is gored by the bull. Garabato angrily says the ""beast"" is the crowd, not the bull. Juan dies in the arms of Carmen as the crowd cheers for Manolo's victory over the bull. Manolo bows to the fickle crowd near the stain of blood left in the sand by Juan.",drama
132,"In this film, Vinu Mohan / Ramana plays an upcoming musician. After finishing a recording, he is on his way home when he sees an artist creating art on the street and he is stricken with awe. Onlookers are giving the artist a few rupees each but not as much as the artist expected. At this point, it begins to rain and the drawing begins to dissolve as the onlookers disperse. Vinu Mohan / Ramana hands over his entire 'bata' for the day to the artist.",drama
133,"Young lawyer Emily Reed (Otis) travels to New York City for an interview with an international law firm, which immediately offers her a job on the condition that she can fly to Rio de Janeiro the following morning. Emily agrees and is introduced to Claudia Dennis (Bisset), one of the firm's top executives. They arrive in Rio to finalize the purchase of a hotel, but angry Claudia must fly to Buenos Aires, Argentina, to meet the hotel's owner. Claudia instructs Emily to cover her date for the night. While viewing the hotel, Emily sees two locals having animalistic sex, which unnerves her and she returns to her own hotel. She meets Claudia's date; a wealthy man named James Wheeler (Rourke). They have dinner, accompanied by James' bodyguards.
James intrigues Emily; he is quiet and asks personal questions without being demanding or rude. After dinner, they attend a street carnival; Emily leaves after a masked man who looks like James tries to seduce her. The next morning, Emily wakes to find James watching her. He gives her a bouquet of orchids and denies making advances to her the previous evening, and as an apology, he offers to show her the city. She is initially reluctant but consents; they attend a party with a married couple that they noticed in the restaurant the night before. Some navy sailors at the party try to make advances on the wife; James fights them and he, Emily, and the couple leave quickly in his limousine. The married couple is having marital problems because of the wife's infidelity. She wants to reconcile with her husband. James encourages the couple to have sex in the limo, which they do. Emily finds their actions disturbing. Emily and James then visit the hotel that her firm wants to buy, and she tells James that she fears he would disappear if she touched him. When Emily hugs James, he pulls away from her, telling her that he does not like to be touched.
The married couple gives James a necklace; he gives it to Emily. That night, Emily dresses up for the carnival festivities and is propositioned by a man in a mask, who offers her the key to his room. She initially refuses the offer but James encourages her to accept. She realizes James is incapable of acting upon his own emotions and tries to experience passion through others. Emily agrees to the stranger's proposal and has sex with him.
The next day, Claudia returns to Rio with the hotel's owner and arranges a meeting at the airport. Emily is humiliated; Jerome (Greenwood), the owner's attorney, is the stranger she slept with. Jerome uses this information to intimidate Emily to get a better deal for his client. Claudia discovers the truth and uses the information to threaten Jerome; if he does not complete the deal, she will tell his wife about the affair. Claudia and Emily get a very good deal. After the meeting, Claudia asks Emily about her impressions of James. She tells Emily that James was an only child who stuttered, and is a completely self-made man. Emily says that she has become obsessed with James, but that he would never touch her. Claudia's assistants tell her that a man bought the deed to the old hotel before the deal was finalized; both women realize it was James, who confirms it was him. Claudia is angry and decides to proceed with the hotel's sale even though she does not own it, hoping that she will be able to circumvent James' actions.
Claudia arranges a huge party to commemorate the sale of the hotel. The next morning, Claudia invites a young surfer to her room, and asks Emily—who can speak Portuguese—to translate what the surfer says. Claudia, Emily and the surfer are about to have sex when James interrupts them. Emily accuses James of setting people up to disappoint him and then throwing them aside when they do. He responds that he never sets anybody up and that they disappoint him of their own accord. James leaves and Emily shouts after him. Later that day, a package is delivered to Emily's room; James has signed over the old hotel's deed to her, saving the deal. Emily goes to the hotel, finds James and tells him she loves him, but leaves when he does not respond.
Later that night, Emily returns to her room, where James is waiting for her. He tells Emily that he hardly spoke for years after his father abandoned him as a child, and that because of this his teachers thought he was intellectually disabled. He left school at a young age and worked hard, and while still a teenager, he bought a run-down house and repaired it. After he began to accumulate wealth, women became attracted to him and he started playing games to keep things interesting. The games became a way of life and he cannot stop playing them. Emily encourages James to reach out to her, offering him her love if he makes an effort to touch her. At first he resists, but reaches out and holds her when he thinks she will leave him. The two embrace and have sex. They ride away happily on a motorcycle together.",drama
134,"Song-and-dance men Steve Carroll and Danny Foster walk to a Texas dude ranch after their car runs out of gas. The team's friend, singer Maggie Reed, gets the boys a job. With their auto stolen, the two settle into ranch life. While Danny consults with Dr. Straeger to conquer his fear of animals, Steve courts ranch owner Joan Winston. When their stolen car is used in a robbery, the duo must then find the real culprits.",comedy
135,"Boojie Baker (Dan Conway) is a ruthless and greedy talent manager who ""discovers"" and then exploits unknown rock bands. The film opens in a nightclub with one of Boojie Baker's protégé acts, a band named Charlie, who have clearly been put through the grind already. They begin griping about the royalties they've been fleeced out of, and then walk out on him.
Undaunted, Boojie and his loyal but dim-witted assistant Gordy (Ray Sager) walk into a local bar for some cheap drinks and they discover a new band performing, played by real-life Chicago garage rock band The Faded Blue. Promising them a recording contract and ensuing fame, Boojie renames the five-man group ""The Big Blast"", outfits them in designer suits and sets about to prime them for stardom. This is done by utilizing a bevy of attractive and loose women to seduce a recording engineer, photographing him in the heat of the moment and then blackmailing him into letting The Big Blast cut a single. The group cuts their big hit, and Boojie presumably uses similar tactics to promote the record and garner airplay. However, as the band's popularity grows, it doesn't take long before they begin to wonder why they aren't receiving any money for their labors.
A little later, the Big Blast confronts Boojie in his office and accuse him of swindling them out of their hard-earned money for their record sales and demand that he pay them up front for their work from now on. Being a hard line negotiator, Boojie refuses to budge in that respect, and welcomes the boys to seek fame in fortune in other avenues. To show there are no hard feelings, he even invites them to a party at his apartment. It turns out that this party, replete with liquor, women and marijuana is a setup, and a ""police detective"" shows up to raid it. Coincidentally, this is before Boojie arrives, and when he does, it seems that he also has some pull in the ""police department"". As it happens, he is able to bail the boys out of this serious legal jam; if they agree to sign new contracts which expands Boojie's hold on them to five years, and Boojie would now be receiving over 80% of their profits. One by one, each of the five members concedes to Boojie's demands. Incidentally, after they leave, the ""detective"" hits up Boojie for some of the grass.
Back in the studio, the group begins to unravel, internal bickering starts to swell and they just can't seem to cut their follow-up hit. In the climax, the group decides instead to bring down Boojie at the expense of their own fame and fortune by sabotaging a television appearance Boojie has lined up by showing up drunk and singing a thinly-disguised musical flipping-of-the-bird to him. Having humiliated Boojie, the group then rips up Boojie's contract to them. Angry and defeated, Boojie and Gordy storm out of the studio, presumably to go look for another rock and roll band to manage and manipulate thus starting the cycle all over again. ""Oh well, that's show business"", one band member says.",comedy
136,"At the Rothmore Institute in New York City, Professor Fahrenheim prepares to travel to the jungles of South America on a two-year project to find a cure for spotted fever, which has been ravaging the Rothmore Mines. Fahrenheim's research assistant, Chris Claybourne, agrees to accompany him, but insists on taking a few weeks off before the trip in order to have some fun. Chris ends up at a gambling club run by a crooked mobster name ""Fish-Eye"" and soon loses five thousand dollars on credit. That night, Chris meets beautiful model Rita Wilson, who tags along on his gambling spree. In the coming days, the two fall in love, and when she learns that he will soon be leaving for the jungle, she persuades him to stay.
When Fish-Eye demands immediate payment of his gambling debt, Chris turns to his brother Tom for financial assistance. Suspicious of Rita, Tom offers to pay Chris' debt, but only if he leaves for the jungles as planned—and without Rita. Chris agrees to the proposal and postpone his marriage to Rita until after he returns in two years. Angered by his decision, Rita breaks off the relationship and returns on her own to the gambling club, where she accepts Fish-Eye's offer to work for him as an escort to lure wealthy gamblers to his club in exchange for paying off Chris' debt. Soon after, Tom visits the gambling club and sees Rita, who confesses that it was she who paid Chris' debt with money she inherited from her grandmother.
Later that year, on Christmas Eve, Chris returns to New York City and learns that Tom and his fiancée have broken up, and that his brother resigned from his position at the hospital. When pressed for an explanation, Tom tells Chris that he fell in love with Rita and that they were secretly married, but later she ridiculed him and refused to stay with him. Believing the worst about Rita, Chris goes to the gambling club looking for her. Filled with remorse over her actions, she confesses her mistakes and admits that she still loves him, not his brother. Chris proposes that she accompany him to the jungle as a friend and wait for Tom to agree to a divorce before renewing their relationship.
A few months later, when word arrives that Tom obtained the divorce, Chris tells Rita that he planned all this in order to get back at her for her actions. When she offers to let him use her to test their new serum, Chris refuses and bitterly sends her away. Initially, Professor Fahrenheim planned to test the serum on Chris, but now he has second thoughts about the potential danger to his assistant. When Rita learns that Chris will be used for the testing, she secretly injects herself with the disease in order to save Chris. Moved by her actions and realizing that he still loves her, Chris produces more serum and saves Rita's life. Soon after, Chris and Rita get married and sail back to New York City.",drama
137,"When ship’s fireman Peter McCabe walks out on his long-suffering wife, he leaves her impoverished, with two young daughters and a son born soon after his departure. Fourteen years later, McCabe returns, sacked and humiliated, trailing trouble in his wake. The eldest daughter, now a woman, is none too pleased at her father's reappearance.",drama
138,"Amna is a young woman that witnesses the death of her older sister by her uncle, who had abandoned her family and left them with no support. She understands from her mother that her sister deserves to die because she dishonors the family. Amna doesn't agree. She believes that her uncle should be blamed for their conditions. She seeks revenge from the engineer who swayed her sister and lied to her thus causing her death. Amna moves to his house to work as a maid and tries to poison him several times, but all her plans fail. She discovers it's impossible to kill him. This engineer starts to approach her, but she resists him, which makes him even more attracted to her.
The poor girl thought that by not resisting him anymore and pretending to love him, she would be able to destroy his life. What she didn't expect was that she herself would fall in love with him. She plans to dig a hole and trick him into falling in it. She tries to but fails and both fall in the hole. She faces him with the truth, and reveals who she is. She decides to leave him as she knows that her plan fails. Her uncle finds out what she had done and decides to kill her because she has ruined the family's reputation. As she steps out of the engineer's house, she sees her uncle and immediately realizes that he has bad intentions, but the engineer sees him too, and takes the bullet in his back to protect her and save her life.",drama
139,"Hard-drinking family man Egbert Sousé (W. C. Fields) has a strained relations with his wife (Cora Witherspoon) and mother-in-law (Jessie Ralph) over his drinking, smoking, and taking money out of the piggy bank of his younger daughter Elsie Mae (Evelyn Del Rio) and replacing it with IOU's. When he tries to hit his younger daughter with a concrete urn, he is interrupted by his older daughter Myrtle (Una Merkel) introducing him to her fiancé, Og Oggilby (Grady Sutton).
When A. Pismo Clam (Jack Norton), the director of a movie which is shooting in town, goes on a bender, producer Mackley Q. Greene (Dick Purcell) offers the job to Sousé. While on his lunch break, it appears that he has caught one of the two men who robbed the bank where his prospective son-in-law, Og, has a job as a teller. The grateful bank president, Mr. Skinner (Pierre Watkin), gives Sousé a job as the bank's ""special officer"", a bank detective (""dick"").
After being conned by swindler J. Frothingham Waterbury (Russell Hicks), Sousé convinces Og to steal $500 from the bank to invest in the questionable Beefsteak Mining Company. Og hopes to return the money to the bank four days later, when he expects to receive his annual bonus, but bank examiner J. Pinkerton Snoopington (Franklin Pangborn) arrives to immediately audit the bank. Sousé invites him to the Black Pussy Cat Café, a saloon run by Joe Guelpe (Shemp Howard), and drugs him with knockout drops – a ""Mickey Finn"" – and has him examined by quack Dr. Stall (Harlan Briggs). Despite this, Snoopington is determined to do his duty and proceed with the audit. Og passes out when he sees the examiner in the bank, and Sousé tries to delay the audit further by depriving Snoopington of his glasses.
As Snoopington is about to discover the missing funds, the swindler shows up to buy back the stocks from Og at a discount, but Sousé learns that the mine has struck it rich, and he and Og are now wealthy and no longer have to worry about the audit. Just then, the escaped bank robber, Repulsive Brogan, returns to rob the bank a second time, and escapes with the bank's money and Og's mining company stock, taking Sousé hostage. The robber forces him to drive the getaway car, with the police, the bank director, Og, and the movie producer giving chase, during which parts of the getaway car keep falling off. Sousé once again receives the credit for catching the thief, and receives $5,000 for the capture of Brogan, $10,000 from the movie producer for his screen story as well as a contract to direct a film based on it.
Now that he is rich, Sousé lives in a mansion, his family is elegant and well-spoken and treats him with respect, but he still follows Joe Guelpe on his way to open the Black Pussy Cat Café.",comedy
140,"Barbara Nickerson and her upper-class boyfriend Josh Bickford are surprised at friend Stan Osgood's house when Twig Webster and his ill-mannered friends crash a private party there. Josh is appalled by Twig's behavior, but Barbara seems attracted to his animal magnetism.
John's conservative parents are concerned over his future. Twig, meanwhile, has an alcoholic mother, Hazel, who is abusive toward his father. At a party for adults, Twig finds his mother in a compromising position with another man. When they argue, she falls down a flight of stairs.
Twig becomes out of control, beating up Barbara, then also striking Josh when he tries to come to the girl's rescue. Barbara ends up hospitalized. Upon seeing their son's grief and also learning that Hazel has died, the Bickfords vow to become better parents to Josh.",drama
141,"This is the story of an Oxford University student in the years after his graduation. Allen Shepherd (Braddell) has become a successful novelist and has married Jane Anderson (Gardner). A firm proponent of traditional sex roles, Shepherd leaves Jane when she accepts a teaching post at Oxford. He later changes his views, and the couple is reunited. Robert Donat and Merle Oberon were given top billing when Men of Tomorrow was distributed in the United States in 1935.",drama
142,"A.J. Niles is a provocative best-selling author who discovers that he has a large tax debt owed to the IRS, due to being ripped off by his accountant, Herman Wapinger. He goes undercover under the alias ""Jack Adams"" in a California suburban community called Paradise Village to research a new book about the wives and lives there. Niles is pursued by a flirtatious married woman named Dolores while falling in love with a woman, Rosemary, who rents her house to him. Wapinger is found, Niles' cash is returned to him, and he reveals his true identity on national television. The husbands in Paradise Village all file for divorce, believing their wives are all having affairs with Niles. In divorce court, Niles reveals that he is in love with Rosemary and asks her to marry him. Everyone lives happily ever after.",comedy
143,"A brash marine is assigned to a new post which is now under the command of his former rival. The marine falls in love with his commanding officer's fiancée and romances her away from him. The day before their wedding, the fiancée calls it off after the marine is involved with an incident in Tijuana. The fiancée leaves for Central America to join her father, who is a diplomat, and the disgraced marine quits but re-enlists as a private. Assigned to a post in Central America, the marine discovers he must rescue his rival, who has been captured by the rebels plotting to overthrow the territorial governor, her former fiancée's father.",drama
144,"Thaddeus J. Banner (Gene Lockhart), a lonely, eccentric millionaire who owns a baseball team, the Brooklyn Loons, takes a liking to a dog-chasing stray cat (played by Orangey), and takes him into his home. He names the cat ""Rhubarb,"" which is baseball slang for an on-field argument or fight.
When the man dies, it is discovered that his last will and testament made Rhubarb his sole beneficiary; hence the cat inherits the baseball team. Team publicist Eric Yeager (Ray Milland) is named the cat's guardian. His fiancée Polly Sickles (Jan Sterling), daughter of the team's manager (William Frawley), is terribly allergic to Rhubarb, causing many problems.
Banner's unhappy daughter Myra (Elsie Holmes) files a lawsuit, contesting the will. And when the team's players discover they are owned by a cat, they stage a protest until Yeager persuades them that Rhubarb brings them luck.
Brooklyn begins winning and will play the powerful New York team for the championship. But a bookie who stands to lose big if Brooklyn wins decides to kidnap the cat. Brooklyn's fortunes turn for the worse while the search for Rhubarb goes on, until the cat finally escapes from his captors and races to the ballpark to save the day.",comedy
145,"Vinnie Antonelli is a former mobster recently inducted into the Witness Protection Program with his wife, Linda. The two are under the watchful eye of Barney Coopersmith. Vinnie and Barney soon find common ground when both of their wives leave them due to their lifestyles. When he succeeds in getting Vinnie to a suburb in California and a private house, Barney has one more problem: he must make sure the jovial and sometimes mischievous Vinnie conforms to Witness Protection protocol until he is sent to Federal Court to testify against mob kingpins. Doing this is not as simple as it appears to be.",comedy
146,"The film centers around three very attractive women who, after having many guy troubles themselves, decide to play a prank on a random man. Their goal is to seduce the man while catching the whole sequence on tape and ultimately humiliating him with the footage. Their plan runs into some snags, as the man they choose to prank knows what they are trying to do to him.
A man named Mark Sellers (Bill Bellamy) then has sex with Andrea Collins (Vivica A. Fox) and Lauren (Carmen Electra) while they video tape the intercourse's, only for him to change both tapes. He then goes on a date with Emily (Stacey Dash) only to fall in love with her after finding that they both have a lot in common and they ""look good together"". In the end, they admit everything to each other, and after five minutes of begging, disturbing a couple eating dinner who they think that they are on a hidden camera show, decide to forgive each other and start out clean and honest.",comedy
